Datum,Tag,Restaurant,Terrasse,Ferien-Value,Special-Day-Value
2021-01-01,Fr,1620.2,0.0,1.0,1.0
2021-01-02,Sa,872.9,0.0,1.0,0.0
2021-01-03,So,0.0,0.0,1.0,0.0
2021-01-04,Mo,636.2,0.0,1.0,0.0
2021-01-05,Di,694.5,0.0,1.0,0.0
2021-01-06,Mi,378.3,0.0,1.0,0.0
2021-01-07,Do,388.4,0.0,0.8571428571428571,0.0
2021-01-08,Fr,1768.3,0.0,0.8571428571428571,0.0
2021-01-09,Sa,1673.1,0.0,0.0,0.0
2021-01-10,So,0.0,0.0,0.0,0.0
2021-01-11,Mo,184.1,0.0,0.0,0.0
2021-01-12,Di,248.7,0.0,0.0,0.0
2021-01-13,Mi,824.0,0.0,0.0,0.0
2021-01-14,Do,76.9,0.0,0.0,0.0
2021-01-15,Fr,243.9,0.0,0.0,0.0
2021-01-16,Sa,1049.3,0.0,0.0,0.0
2021-01-17,So,114.7,0.0,0.0,0.0
2021-01-18,Mo,831.1,0.0,0.0,0.0
2021-01-19,Di,464.1,0.0,0.0,0.0
2021-01-20,Mi,85.7,0.0,0.0,0.0
2021-01-21,Do,123.2,0.0,0.0,0.0
2021-01-22,Fr,123.2,0.0,0.0,0.0
2021-01-23,Sa,2673.2,0.0,0.0,0.0
2021-01-24,So,-300.0,0.0,0.0,0.0
2021-01-25,Mo,641.0,0.0,0.0,0.0
2021-01-26,Di,200.3,0.0,0.0,0.0
2021-01-27,Mi,712.1,0.0,0.0,0.0
2021-01-28,Do,670.0,0.0,0.0,0.0
2021-01-29,Fr,774.0,0.0,0.0,0.0
2021-01-30,Sa,1863.1,0.0,0.0,0.0
2021-01-31,So,-136.6,0.0,0.0,0.0
2021-02-01,Mo,93.8,0.0,0.0,0.0
2021-02-02,Di,205.4,0.0,0.0,0.0
2021-02-03,Mi,0.0,0.0,0.0,0.0
2021-02-04,Do,1411.0,0.0,0.0,0.0
2021-02-05,Fr,1680.9,0.0,0.0,0.0
2021-02-06,Sa,2955.6,0.0,0.5428571428571428,0.0
2021-02-07,So,30.0,0.0,0.5428571428571428,0.0
2021-02-08,Mo,0.0,0.0,0.5428571428571428,0.0
2021-02-09,Di,0.0,0.0,0.5428571428571428,0.0
2021-02-10,Mi,0.0,0.0,0.5428571428571428,0.0
2021-02-11,Do,0.0,0.0,0.5714285714285714,0.0
2021-02-12,Fr,0.0,0.0,0.5714285714285714,0.0
2021-02-13,Sa,0.0,0.0,0.5714285714285714,0.0
2021-02-14,So,0.0,0.0,0.5714285714285714,1.0
2021-02-15,Mo,0.0,0.0,0.5714285714285714,0.0
2021-02-16,Di,0.0,0.0,0.5714285714285714,0.0
2021-02-17,Mi,0.0,0.0,0.5714285714285714,0.0
2021-02-18,Do,0.0,0.0,0.5714285714285714,0.0
2021-02-19,Fr,0.0,0.0,0.5714285714285714,0.0
2021-02-20,Sa,0.0,0.0,0.5714285714285714,0.0
2021-02-21,So,0.0,0.0,0.5714285714285714,0.0
2021-02-22,Mo,0.0,0.0,0.0,0.0
2021-02-23,Di,0.0,0.0,0.0,0.0
2021-02-24,Mi,0.0,0.0,0.0,0.0
2021-02-25,Do,0.0,0.0,0.0,0.0
2021-02-26,Fr,0.0,0.0,0.0,0.0
2021-02-27,Sa,0.0,0.0,0.14285714285714285,0.0
2021-02-28,So,0.0,0.0,0.14285714285714285,0.0
2021-03-01,Mo,0.0,0.0,0.14285714285714285,0.0
2021-03-02,Di,0.0,0.0,0.14285714285714285,0.0
2021-03-03,Mi,0.0,0.0,0.14285714285714285,0.0
2021-03-04,Do,0.0,0.0,0.14285714285714285,0.0
2021-03-05,Fr,1655.5,0.0,0.14285714285714285,0.0
2021-03-06,Sa,3281.2,0.0,0.14285714285714285,0.0
2021-03-07,So,-118.0,0.0,0.14285714285714285,0.0
2021-03-08,Mo,416.7,0.0,0.0,0.0
2021-03-09,Di,1371.0,0.0,0.0,0.0
2021-03-10,Mi,1484.0,0.0,0.0,0.0
2021-03-11,Do,502.1,0.0,0.0,0.0
2021-03-12,Fr,2236.4,0.0,0.0,0.0
2021-03-13,Sa,3418.0,0.0,0.0,0.0
2021-03-14,So,645.8,0.0,0.0,0.0
2021-03-15,Mo,707.4,0.0,0.0,0.0
2021-03-16,Di,786.5,0.0,0.0,0.0
2021-03-17,Mi,644.2,0.0,0.0,0.0
2021-03-18,Do,117.1,0.0,0.0,0.0
2021-03-19,Fr,2053.7,0.0,0.0,0.0
2021-03-20,Sa,3643.7,0.0,0.0,0.0
2021-03-21,So,288.8,0.0,0.0,0.0
2021-03-22,Mo,1266.7,0.0,0.0,0.0
2021-03-23,Di,1362.3,22.7,0.0,0.0
2021-03-24,Mi,508.5,0.0,0.0,0.0
2021-03-25,Do,1632.2,0.0,0.0,0.0
2021-03-26,Fr,2343.8,15.2,0.0,0.0
2021-03-27,Sa,4511.2,61.5,0.0,0.0
2021-03-28,So,1932.6,0.0,0.0,0.1
2021-03-29,Mo,1841.6,27.1,0.0,0.0
2021-03-30,Di,1556.0,26.8,0.0,0.0
2021-03-31,Mi,2210.1,0.0,0.0,0.0
2021-04-01,Do,2514.6,14.0,0.0,0.0
2021-04-02,Fr,3415.0,15.0,0.4857142857142857,1.0
2021-04-03,Sa,4237.8,0.0,0.4857142857142857,0.0
2021-04-04,So,2594.1,0.0,0.4857142857142857,1.0
2021-04-05,Mo,839.5,0.0,0.4857142857142857,1.0
2021-04-06,Di,1141.0,0.0,0.4857142857142857,0.0
2021-04-07,Mi,2290.6,0.0,0.4857142857142857,0.0
2021-04-08,Do,2349.8,0.0,0.4857142857142857,0.0
2021-04-09,Fr,2336.8,0.0,0.7142857142857143,0.0
2021-04-10,Sa,4317.8,184.0,0.7142857142857143,0.0
2021-04-11,So,1135.8,0.0,0.7142857142857143,0.0
2021-04-12,Mo,968.8,0.0,0.7142857142857143,0.0
2021-04-13,Di,1512.6,0.0,0.7142857142857143,0.0
2021-04-14,Mi,2695.8,0.0,0.7142857142857143,0.0
2021-04-15,Do,2551.5,0.0,0.7142857142857143,0.0
2021-04-16,Fr,3818.7,0.0,0.8571428571428571,0.0
2021-04-17,Sa,3990.1,0.0,0.8571428571428571,0.75
2021-04-18,So,425.0,0.0,0.34285714285714286,0.75
2021-04-19,Mo,1810.4,1205.3,0.34285714285714286,0.0
2021-04-20,Di,1106.4,4474.3,0.34285714285714286,0.0
2021-04-21,Mi,1791.8,3697.5,0.34285714285714286,0.0
2021-04-22,Do,2331.8,4333.7,0.34285714285714286,0.0
2021-04-23,Fr,2801.9,10392.7,0.34285714285714286,0.0
2021-04-24,Sa,2982.8,14734.1,0.34285714285714286,0.0
2021-04-25,So,1697.5,15650.6,0.14285714285714285,0.0
2021-04-26,Mo,1859.3,4711.7,0.14285714285714285,0.0
2021-04-27,Di,2104.8,7550.9,0.14285714285714285,0.0
2021-04-28,Mi,1100.4,3493.0,0.14285714285714285,0.0
2021-04-29,Do,1848.4,1240.9,0.14285714285714285,0.0
2021-04-30,Fr,2724.7,728.8,0.2857142857142857,0.0
2021-05-01,Sa,4661.0,440.0,0.2857142857142857,0.0
2021-05-02,So,1756.6,0.0,0.14285714285714285,0.0
2021-05-03,Mo,797.9,5067.6,0.14285714285714285,0.0
2021-05-04,Di,2218.5,831.7,0.14285714285714285,0.0
2021-05-05,Mi,2022.0,103.7,0.14285714285714285,0.0
2021-05-06,Do,2963.4,89.9,0.14285714285714285,0.0
2021-05-07,Fr,3631.3,1731.5,0.14285714285714285,0.0
2021-05-08,Sa,2271.2,14910.6,0.14285714285714285,0.75
2021-05-09,So,890.1,18189.7,0.14285714285714285,0.75
2021-05-10,Mo,1965.3,5091.2,0.14285714285714285,0.0
2021-05-11,Di,1486.5,177.8,0.14285714285714285,0.0
2021-05-12,Mi,1969.9,2688.0,0.14285714285714285,0.0
2021-05-13,Do,3045.8,2748.8,0.14285714285714285,1.0
2021-05-14,Fr,3530.9,5488.6,0.14285714285714285,1.0
2021-05-15,Sa,4532.6,3054.0,0.14285714285714285,0.0
2021-05-16,So,1464.6,743.2,0.0,0.0
2021-05-17,Mo,3068.7,1302.7,0.0,0.0
2021-05-18,Di,1712.2,1823.5,0.0,0.0
2021-05-19,Mi,2121.9,1219.5,0.0,0.0
2021-05-20,Do,1488.9,3913.8,0.0,0.0
2021-05-21,Fr,1834.6,1507.3,0.0,0.0
2021-05-22,Sa,2808.7,7581.2,0.0,0.0
2021-05-23,So,3669.7,13185.8,0.0,1.0
2021-05-24,Mo,1347.5,3239.0,0.0,1.0
2021-05-25,Di,1648.1,2633.0,0.0,0.0
2021-05-26,Mi,1144.0,1948.6,0.0,0.0
2021-05-27,Do,1244.6,2565.0,0.0,0.0
2021-05-28,Fr,4436.1,10249.65,0.0,0.0
2021-05-29,Sa,2056.6,13024.2,0.0,0.0
2021-05-30,So,664.2,15348.4,0.0,0.0
2021-05-31,Mo,1550.2,10350.05,0.0,0.0
2021-06-01,Di,3672.2,11755.5,0.0,0.0
2021-06-02,Mi,2861.9,4589.4,0.0,0.0
2021-06-03,Do,1116.6,14412.0,0.0,0.5
2021-06-04,Fr,3058.4,12899.2,0.0,0.0
2021-06-05,Sa,5434.3,938.2,0.0,0.0
2021-06-06,So,5750.5,7329.8,0.0,0.0
2021-06-07,Mo,3624.5,450.3,0.0,0.0
2021-06-08,Di,3961.7,3141.9,0.0,0.0
2021-06-09,Mi,251.0,7061.4,0.0,0.0
2021-06-10,Do,1717.4,9249.0,0.0,0.0
2021-06-11,Fr,2270.0,12516.5,0.0,0.0
2021-06-12,Sa,3907.2,15967.5,0.0,0.0
2021-06-13,So,3742.6,17126.5,0.0,0.0
2021-06-14,Mo,413.6,10622.3,0.0,0.0
2021-06-15,Di,1720.7,11367.98,0.0,0.0
2021-06-16,Mi,1661.2,10939.22,0.0,0.0
2021-06-17,Do,1488.8,10986.5,0.0,0.0
2021-06-18,Fr,592.4,11927.8,0.0,0.0
2021-06-19,Sa,1178.7,14715.4,0.0,0.0
2021-06-20,So,2401.3,12551.1,0.0,0.0
2021-06-21,Mo,3344.0,4263.2,0.0,0.0
2021-06-22,Di,2396.5,8413.1,0.0,0.0
2021-06-23,Mi,1777.4,6375.3,0.0,0.0
2021-06-24,Do,5996.2,3837.4,0.0,0.0
2021-06-25,Fr,2743.6,7334.3,0.0,0.0
2021-06-26,Sa,6090.4,15988.1,0.0,0.0
2021-06-27,So,3392.6,16205.3,0.0,0.0
2021-06-28,Mo,2842.6,4475.7,0.0,0.0
2021-06-29,Di,4713.6,2191.1,0.0,0.0
2021-06-30,Mi,4607.8,1338.0,0.0,0.0
2021-07-01,Do,3300.5,5755.1,0.0,0.0
2021-07-02,Fr,739.5,12442.4,0.028571428571428574,0.0
2021-07-03,Sa,4538.9,8813.8,0.31428571428571433,0.0
2021-07-04,So,5243.6,6382.8,0.31428571428571433,0.0
2021-07-05,Mo,904.0,11343.7,0.31428571428571433,0.0
2021-07-06,Di,3294.2,3795.7,0.31428571428571433,0.0
2021-07-07,Mi,6598.4,2417.9,0.31428571428571433,0.0
2021-07-08,Do,6009.7,645.0,0.31428571428571433,0.0
2021-07-09,Fr,3056.5,10913.0,1.0,0.0
2021-07-10,Sa,3422.2,16379.1,1.0,0.0
2021-07-11,So,3331.0,16172.4,1.0,0.0
2021-07-12,Mo,1248.2,11664.4,1.0,0.0
2021-07-13,Di,6802.5,0.0,1.0,0.0
2021-07-14,Mi,4646.9,1944.3,1.0,0.0
2021-07-15,Do,6994.3,0.0,1.0,0.0
2021-07-16,Fr,7103.9,2889.2,1.0,0.0
2021-07-17,Sa,6967.6,3093.7,1.0,0.0
2021-07-18,So,1746.6,14939.9,1.0,0.0
2021-07-19,Mo,1645.0,10568.1,1.0,0.0
2021-07-20,Di,1474.3,13204.1,1.0,0.0
2021-07-21,Mi,3288.0,11870.0,1.0,0.0
2021-07-22,Do,3028.1,14627.3,1.0,0.0
2021-07-23,Fr,1860.2,15074.1,1.0,0.0
2021-07-24,Sa,4081.8,6395.6,1.0,0.0
2021-07-25,So,5879.2,6587.7,1.0,0.0
2021-07-26,Mo,3135.4,5234.6,1.0,0.0
2021-07-27,Di,2822.3,6260.5,1.0,0.0
2021-07-28,Mi,2926.2,7377.9,1.0,0.0
2021-07-29,Do,4027.3,13806.3,1.0,0.0
2021-07-30,Fr,3361.4,6776.7,1.0,0.0
2021-07-31,Sa,3420.6,6939.7,1.0,0.0
2021-08-01,So,7087.3,414.6,1.0,1.0
2021-08-02,Mo,4304.8,8598.9,1.0,0.0
2021-08-03,Di,3814.9,3598.0,1.0,0.0
2021-08-04,Mi,5386.5,86.1,1.0,0.0
2021-08-05,Do,3310.3,6919.1,1.0,0.0
2021-08-06,Fr,5267.7,9508.7,1.0,0.0
2021-08-07,Sa,7389.3,1982.6,1.0,0.0
2021-08-08,So,7760.2,6651.3,1.0,0.0
2021-08-09,Mo,1363.1,10715.9,0.7999999999999999,0.0
2021-08-10,Di,2740.9,12061.7,0.7999999999999999,0.0
2021-08-11,Mi,3348.1,12817.6,0.7999999999999999,0.0
2021-08-12,Do,3401.9,14539.2,0.7999999999999999,0.0
2021-08-13,Fr,1720.6,13774.0,0.7999999999999999,0.0
2021-08-14,Sa,3729.1,14694.8,0.7999999999999999,0.0
2021-08-15,So,1788.6,16585.4,0.6571428571428571,0.0
2021-08-16,Mo,4974.7,1949.7,0.5428571428571428,0.0
2021-08-17,Di,2794.3,8455.7,0.5428571428571428,0.0
2021-08-18,Mi,1140.2,10176.3,0.5428571428571428,0.0
2021-08-19,Do,2233.0,12592.4,0.5428571428571428,0.0
2021-08-20,Fr,1791.45,14570.7,0.5428571428571428,0.0
2021-08-21,Sa,4066.6,15246.4,0.5428571428571428,0.0
2021-08-22,So,3193.4,8953.4,0.05714285714285715,0.0
2021-08-23,Mo,1972.4,9447.3,0.05714285714285715,0.0
2021-08-24,Di,4790.7,2885.8,0.05714285714285715,0.0
2021-08-25,Mi,3562.7,2359.3,0.05714285714285715,0.0
2021-08-26,Do,3841.2,6764.3,0.05714285714285715,0.0
2021-08-27,Fr,4125.1,8452.9,0.05714285714285715,0.0
2021-08-28,Sa,6753.8,2892.7,0.05714285714285715,0.5
2021-08-29,So,8685.9,1248.7,0.0,0.0
2021-08-30,Mo,5089.4,1277.7,0.0,0.0
2021-08-31,Di,3758.9,4548.5,0.0,0.0
2021-09-01,Mi,2007.8,9213.6,0.0,0.0
2021-09-02,Do,1733.5,12101.5,0.0,0.0
2021-09-03,Fr,1919.6,12655.9,0.0,0.0
2021-09-04,Sa,2457.2,16269.3,0.0,0.0
2021-09-05,So,3582.4,16284.1,0.0,0.0
2021-09-06,Mo,739.9,10269.1,0.0,0.0
2021-09-07,Di,1186.7,11394.1,0.0,0.0
2021-09-08,Mi,3112.1,13848.7,0.0,0.0
2021-09-09,Do,3395.2,5916.2,0.0,0.0
2021-09-10,Fr,5604.3,2966.8,0.0,0.0
2021-09-11,Sa,6564.7,13752.1,0.0,0.0
2021-09-12,So,2813.3,15598.4,0.0,0.0
2021-09-13,Mo,279.1,9810.9,0.0,0.0
2021-09-14,Di,803.0,10071.9,0.0,0.0
2021-09-15,Mi,2800.9,749.0,0.0,0.0
2021-09-16,Do,4039.5,1201.8,0.0,0.0
2021-09-17,Fr,4976.6,7857.1,0.0,0.0
2021-09-18,Sa,3462.1,9730.1,0.0,0.0
2021-09-19,So,6748.1,0.0,0.0,0.0
2021-09-20,Mo,3650.6,826.0,0.0,0.0
2021-09-21,Di,4407.5,2483.7,0.0,0.0
2021-09-22,Mi,3701.6,862.8,0.0,0.0
2021-09-23,Do,3026.7,5266.3,0.0,0.0
2021-09-24,Fr,3458.6,9808.7,0.05714285714285715,0.0
2021-09-25,Sa,5335.8,12859.9,0.05714285714285715,0.0
2021-09-26,So,6437.3,2913.5,0.05714285714285715,0.0
2021-09-27,Mo,2475.4,5362.6,0.05714285714285715,0.0
2021-09-28,Di,4629.9,1289.9,0.05714285714285715,0.0
2021-09-29,Mi,3979.5,1674.7,0.05714285714285715,0.0
2021-09-30,Do,3699.5,3428.6,0.05714285714285715,0.0
2021-10-01,Fr,4611.1,6119.2,0.7428571428571429,0.0
2021-10-02,Sa,3675.2,6888.3,0.7428571428571429,0.0
2021-10-03,So,4560.8,6273.9,0.7428571428571429,0.0
2021-10-04,Mo,3698.2,65.5,0.7428571428571429,0.0
2021-10-05,Di,5021.7,223.5,0.7428571428571429,0.0
2021-10-06,Mi,3643.3,81.6,0.7428571428571429,0.0
2021-10-07,Do,3901.1,312.0,0.7428571428571429,0.0
2021-10-08,Fr,6360.0,143.4,1.0,0.0
2021-10-09,Sa,7273.1,227.1,1.0,0.0
2021-10-10,So,7004.8,2056.8,1.0,0.0
2021-10-11,Mo,4190.4,1580.1,1.0,0.0
2021-10-12,Di,6121.0,21.7,1.0,0.0
2021-10-13,Mi,5358.2,135.8,1.0,0.0
2021-10-14,Do,4945.6,1755.5,1.0,0.0
2021-10-15,Fr,5397.0,2631.2,1.0,0.0
2021-10-16,Sa,6945.2,2699.9,1.0,0.0
2021-10-17,So,6803.9,4824.7,0.2571428571428572,0.0
2021-10-18,Mo,3967.1,3634.3,0.2571428571428572,0.0
2021-10-19,Di,6487.1,901.4,0.2571428571428572,0.0
2021-10-20,Mi,4035.3,3257.8,0.2571428571428572,0.0
2021-10-21,Do,4101.0,202.6,0.2571428571428572,0.0
2021-10-22,Fr,5129.8,165.3,0.2571428571428572,0.0
2021-10-23,Sa,5361.8,2671.9,0.2571428571428572,0.0
2021-10-24,So,6961.0,3254.2,0.028571428571428574,0.0
2021-10-25,Mo,4646.5,1720.7,0.028571428571428574,0.0
2021-10-26,Di,4770.4,154.4,0.028571428571428574,0.0
2021-10-27,Mi,5750.4,263.6,0.028571428571428574,0.0
2021-10-28,Do,4162.4,424.5,0.028571428571428574,0.0
2021-10-29,Fr,5143.6,955.3,0.028571428571428574,0.0
2021-10-30,Sa,6923.9,10.6,0.028571428571428574,0.0
2021-10-31,So,8936.0,3823.2,0.0,0.0
2021-11-01,Mo,4462.7,20.2,0.0,0.0
2021-11-02,Di,3533.8,79.7,0.0,0.0
2021-11-03,Mi,3874.0,0.0,0.0,0.0
2021-11-04,Do,2688.9,0.0,0.0,0.0
2021-11-05,Fr,4390.4,43.5,0.0,0.0
2021-11-06,Sa,7931.6,92.5,0.0,0.0
2021-11-07,So,6907.4,3084.3,0.0,0.0
2021-11-08,Mo,2248.9,0.0,0.0,0.0
2021-11-09,Di,3694.0,0.0,0.0,0.0
2021-11-10,Mi,3759.0,9.2,0.0,0.0
2021-11-11,Do,4236.1,402.5,0.0,0.0
2021-11-12,Fr,5175.2,0.0,0.0,0.0
2021-11-13,Sa,5973.8,0.0,0.0,0.0
2021-11-14,So,6051.2,0.0,0.0,0.0
2021-11-15,Mo,1665.9,0.0,0.0,0.0
2021-11-16,Di,2680.5,0.0,0.0,0.0
2021-11-17,Mi,4887.9,0.0,0.0,0.0
2021-11-18,Do,4199.8,0.0,0.0,0.0
2021-11-19,Fr,5449.5,0.0,0.0,0.0
2021-11-20,Sa,6244.7,0.0,0.0,0.0
2021-11-21,So,7352.7,0.0,0.0,0.0
2021-11-22,Mo,2416.3,0.0,0.0,0.0
2021-11-23,Di,6043.1,0.0,0.0,0.0
2021-11-24,Mi,5963.0,0.0,0.0,0.0
2021-11-25,Do,2965.5,0.0,0.0,0.0
2021-11-26,Fr,6465.0,0.0,0.0,0.0
2021-11-27,Sa,6971.4,0.0,0.0,0.0
2021-11-28,So,4825.0,0.0,0.0,0.0
2021-11-29,Mo,2180.3,0.0,0.0,0.0
2021-11-30,Di,3879.1,0.0,0.0,0.0
2021-12-01,Mi,5453.8,0.0,0.0,0.0
2021-12-02,Do,4078.7,0.0,0.0,0.0
2021-12-03,Fr,4835.6,0.0,0.0,0.0
2021-12-04,Sa,5424.2,0.0,0.0,0.0
2021-12-05,So,6016.5,0.0,0.0,0.0
2021-12-06,Mo,2375.8,33.0,0.0,0.0
2021-12-07,Di,5900.8,44.1,0.0,0.0
2021-12-08,Mi,2582.2,0.0,0.0,0.0
2021-12-09,Do,2898.9,33.0,0.0,0.0
2021-12-10,Fr,5521.4,9.2,0.0,0.0
2021-12-11,Sa,5760.9,0.0,0.0,0.0
2021-12-12,So,2828.1,0.0,0.0,0.0
2021-12-13,Mo,3528.1,88.1,0.0,0.0
2021-12-14,Di,2652.6,33.0,0.0,0.0
2021-12-15,Mi,6168.2,0.0,0.0,0.0
2021-12-16,Do,3419.4,0.0,0.0,0.0
2021-12-17,Fr,5575.6,0.0,0.0,0.0
2021-12-18,Sa,5262.1,0.0,0.0,0.0
2021-12-19,So,5757.6,0.0,0.0,0.0
2021-12-20,Mo,3447.4,0.0,0.0,0.0
2021-12-21,Di,3173.3,0.0,0.0,0.0
2021-12-22,Mi,3691.0,0.0,0.14285714285714285,0.0
2021-12-23,Do,4187.0,21.0,0.14285714285714285,0.0
2021-12-24,Fr,4.6,0.0,1.0,1.0
2021-12-25,Sa,7349.15,0.0,1.0,1.0
2021-12-26,So,3453.4,0.0,1.0,1.0
2021-12-27,Mo,2173.4,0.0,1.0,0.0
2021-12-28,Di,5036.8,0.0,1.0,0.0
2021-12-29,Mi,3676.0,0.0,1.0,0.0
2021-12-30,Do,5566.3,123.5,1.0,0.0
2021-12-31,Fr,12956.2,1367.9,1.0,1.0
2022-01-01,Sa,5675.8,1793.6,1.0,1.0
2022-01-02,So,4336.6,34.6,1.0,0.0
2022-01-03,Mo,1757.7,0.0,0.7142857142857143,0.0
2022-01-04,Di,1929.3,0.0,0.7142857142857143,0.0
2022-01-05,Mi,1901.1,0.0,0.7142857142857143,0.0
2022-01-06,Do,2142.1,0.0,0.5714285714285714,0.0
2022-01-07,Fr,3547.2,0.0,0.2857142857142857,0.0
2022-01-08,Sa,4447.5,0.0,0.2857142857142857,0.0
2022-01-09,So,5743.1,0.0,0.2857142857142857,0.0
2022-01-10,Mo,2036.6,33.0,0.0,0.0
2022-01-11,Di,3490.4,0.0,0.0,0.0
2022-01-12,Mi,2537.6,97.1,0.0,0.0
2022-01-13,Do,2515.8,0.0,0.0,0.0
2022-01-14,Fr,4667.5,0.0,0.0,0.0
2022-01-15,Sa,6598.5,0.0,0.0,0.0
2022-01-16,So,6427.8,32.6,0.0,0.0
2022-01-17,Mo,2116.6,126.3,0.0,0.0
2022-01-18,Di,2343.6,0.0,0.0,0.0
2022-01-19,Mi,2087.2,28.4,0.0,0.0
2022-01-20,Do,926.6,28.4,0.0,0.0
2022-01-21,Fr,3886.3,38.1,0.0,0.0
2022-01-22,Sa,5765.1,167.2,0.0,0.0
2022-01-23,So,4212.0,50.2,0.0,0.0
2022-01-24,Mo,3382.6,33.0,0.0,0.0
2022-01-25,Di,707.0,99.9,0.0,0.0
2022-01-26,Mi,1460.6,16.5,0.0,0.0
2022-01-27,Do,4097.7,84.0,0.0,0.0
2022-01-28,Fr,3983.3,130.6,0.0,0.0
2022-01-29,Sa,3804.5,679.3,0.0,0.0
2022-01-30,So,4893.6,226.9,0.0,0.0
2022-01-31,Mo,0.0,0.0,0.0,0.0
2022-02-01,Di,0.0,0.0,0.0,0.0
2022-02-02,Mi,0.0,0.0,0.0,0.0
2022-02-03,Do,0.0,0.0,0.0,0.0
2022-02-04,Fr,0.0,0.0,0.0,0.0
2022-02-05,Sa,0.0,0.0,0.14285714285714285,0.0
2022-02-06,So,0.0,0.0,0.14285714285714285,0.0
2022-02-07,Mo,0.0,0.0,0.14285714285714285,0.0
2022-02-08,Di,0.0,0.0,0.14285714285714285,0.0
2022-02-09,Mi,0.0,0.0,0.14285714285714285,0.0
2022-02-10,Do,0.0,0.0,0.14285714285714285,0.0
2022-02-11,Fr,0.0,0.0,0.14285714285714285,0.0
2022-02-12,Sa,0.0,0.0,0.14285714285714285,0.0
2022-02-13,So,0.0,0.0,0.14285714285714285,0.0
2022-02-14,Mo,0.0,0.0,0.14285714285714285,1.0
2022-02-15,Di,0.0,0.0,0.14285714285714285,0.0
2022-02-16,Mi,0.0,0.0,0.14285714285714285,0.0
2022-02-17,Do,0.0,0.0,0.14285714285714285,0.0
2022-02-18,Fr,0.0,0.0,0.14285714285714285,0.0
2022-02-19,Sa,0.0,0.0,0.5428571428571428,0.0
2022-02-20,So,0.0,0.0,0.5428571428571428,0.0
2022-02-21,Mo,0.0,0.0,0.39999999999999997,0.0
2022-02-22,Di,0.0,0.0,0.39999999999999997,0.0
2022-02-23,Mi,0.0,0.0,0.39999999999999997,0.0
2022-02-24,Do,0.0,0.0,0.42857142857142855,0.0
2022-02-25,Fr,0.0,0.0,0.42857142857142855,0.0
2022-02-26,Sa,0.0,0.0,0.5714285714285714,0.0
2022-02-27,So,0.0,0.0,0.5714285714285714,0.0
2022-02-28,So,0.0,0.0,0.5714285714285714,0.0
2022-03-01,Di,0.0,0.0,0.5714285714285714,0.0
2022-03-02,Mi,0.0,0.0,0.5714285714285714,0.0
2022-03-03,Do,0.0,0.0,0.5714285714285714,0.0
2022-03-04,Fr,0.0,0.0,0.5714285714285714,0.0
2022-03-05,Sa,0.0,0.0,0.5714285714285714,0.0
2022-03-06,So,0.0,0.0,0.5714285714285714,0.0
2022-03-07,Mo,0.0,0.0,0.0,0.0
2022-03-08,Di,0.0,0.0,0.0,0.0
2022-03-09,Mi,0.0,0.0,0.0,0.0
2022-03-10,Do,0.0,0.0,0.0,0.0
2022-03-11,Fr,4864.3,0.0,0.0,0.0
2022-03-12,Sa,6615.4,688.1,0.0,0.0
2022-03-13,So,7683.8,5167.7,0.0,0.0
2022-03-14,Mo,3890.2,417.6,0.0,0.0
2022-03-15,Di,3512.1,0.0,0.0,0.0
2022-03-16,Mi,3855.3,635.0,0.0,0.0
2022-03-17,Do,5326.5,97.5,0.0,0.0
2022-03-18,Fr,4905.7,0.0,0.0,0.0
2022-03-19,Sa,5407.5,361.0,0.0,0.0
2022-03-20,So,5775.1,5248.7,0.0,0.0
2022-03-21,Mo,2626.3,748.8,0.0,0.0
2022-03-22,Di,4726.2,2011.0,0.0,0.0
2022-03-23,Mi,4498.9,2995.2,0.0,0.0
2022-03-24,Do,3989.4,1615.4,0.0,0.0
2022-03-25,Fr,5606.4,3633.9,0.0,0.0
2022-03-26,Sa,7382.0,6179.5,0.0,0.0
2022-03-27,So,6886.7,10386.6,0.0,0.0
2022-03-28,Mo,2960.6,3826.4,0.0,0.0
2022-03-29,Di,3240.5,1457.7,0.0,0.0
2022-03-30,Mi,3146.3,20.8,0.0,0.0
2022-03-31,Do,4391.2,0.0,0.0,0.0
2022-04-01,Fr,5721.2,0.0,0.0,0.0
2022-04-02,Sa,8844.8,0.0,0.0,0.0
2022-04-03,So,8688.4,0.0,0.0,0.0
2022-04-04,Mo,3380.6,0.0,0.0,0.0
2022-04-05,Di,4103.8,0.0,0.0,0.0
2022-04-06,Mi,4878.9,9.8,0.0,0.0
2022-04-07,Do,2857.7,0.0,0.0,0.0
2022-04-08,Fr,5736.1,0.0,0.0,0.0
2022-04-09,Sa,6441.3,47.2,0.2857142857142857,0.0
2022-04-10,So,7217.4,1849.0,0.2857142857142857,0.1
2022-04-11,Mo,3798.9,737.8,0.2857142857142857,0.0
2022-04-12,Di,4242.2,1796.2,0.2857142857142857,0.0
2022-04-13,Mi,3282.5,4568.5,0.2857142857142857,0.0
2022-04-14,Do,4782.5,3972.6,0.2857142857142857,0.0
2022-04-15,Fr,6682.4,8108.3,0.8571428571428571,1.0
2022-04-16,Sa,7779.9,1195.1,0.8571428571428571,0.0
2022-04-17,So,8826.4,7067.9,0.8571428571428571,1.0
2022-04-18,Mo,6729.3,11959.9,0.8571428571428571,1.0
2022-04-19,Di,3541.0,3420.3,0.8571428571428571,0.0
2022-04-20,Mi,3465.7,2729.3,0.8571428571428571,0.0
2022-04-21,Do,2449.6,4599.7,0.8571428571428571,0.0
2022-04-22,Fr,5631.8,4924.0,0.8571428571428571,0.0
2022-04-23,Sa,7316.5,1069.4,0.8571428571428571,0.75
2022-04-24,So,7882.4,0.0,0.8571428571428571,0.75
2022-04-25,Mo,5437.2,197.5,0.5714285714285714,0.0
2022-04-26,Di,5564.5,4.8,0.5714285714285714,0.0
2022-04-27,Mi,5217.7,1951.0,0.5714285714285714,0.0
2022-04-28,Do,4153.7,7937.6,0.5714285714285714,0.0
2022-04-29,Fr,4157.3,4163.1,0.5714285714285714,0.0
2022-04-30,Sa,6759.7,2477.7,0.7142857142857143,0.0
2022-05-01,So,7708.4,4619.5,0.7142857142857143,0.0
2022-05-02,Mo,1826.7,2752.5,0.14285714285714285,0.0
2022-05-03,Di,4973.8,1579.1,0.14285714285714285,0.0
2022-05-04,Mi,4779.5,1125.1,0.14285714285714285,0.0
2022-05-05,Do,4150.9,0.0,0.14285714285714285,0.0
2022-05-06,Fr,6448.6,187.4,0.14285714285714285,0.0
2022-05-07,Sa,11008.5,325.7,0.14285714285714285,0.75
2022-05-08,So,18314.8,1889.7,0.14285714285714285,1.0
2022-05-09,Mo,2654.5,5141.6,0.14285714285714285,0.0
2022-05-10,Di,2660.0,6834.9,0.14285714285714285,0.0
2022-05-11,Mi,679.5,10241.0,0.14285714285714285,0.0
2022-05-12,Do,2936.1,5912.2,0.14285714285714285,0.0
2022-05-13,Fr,7230.7,4108.0,0.14285714285714285,0.0
2022-05-14,Sa,2194.8,13805.2,0.14285714285714285,0.0
2022-05-15,So,2354.6,18726.6,0.14285714285714285,0.0
2022-05-16,Mo,1504.4,8292.0,0.0,0.0
2022-05-17,Di,743.0,11543.1,0.0,0.0
2022-05-18,Mi,4298.3,13084.8,0.0,0.0
2022-05-19,Do,4847.9,8521.3,0.0,0.0
2022-05-20,Fr,2158.6,12950.5,0.0,0.0
2022-05-21,Sa,4994.2,12911.5,0.0,0.0
2022-05-22,So,2119.7,14745.2,0.0,0.0
2022-05-23,Mo,5140.2,3583.2,0.0,0.0
2022-05-24,Di,5489.6,0.0,0.0,0.0
2022-05-25,Mi,3191.0,5992.6,0.0,0.0
2022-05-26,Do,1876.4,19529.5,0.0,1.0
2022-05-27,Fr,3542.4,13957.7,0.0,1.0
2022-05-28,Sa,7014.5,6178.2,0.0,0.0
2022-05-29,So,9651.7,2812.1,0.0,0.0
2022-05-30,Mo,2572.3,8110.2,0.0,0.0
2022-06-01,Mi,7185.6,2036.5,0.0,0.0
2022-06-02,Do,988.8,8998.0,0.0,0.0
2022-06-03,Fr,6842.8,7216.6,0.0,0.0
2022-06-04,Sa,926.9,19438.3,0.0,0.0
2022-06-05,So,12211.0,1275.6,0.0,1.0
2022-06-06,Mo,4116.5,17288.3,0.0,1.0
2022-06-07,Di,6638.7,1632.5,0.0,0.0
2022-06-08,Mi,4004.1,3077.3,0.0,0.0
2022-06-09,Do,8878.7,547.1,0.0,0.0
2022-06-10,Fr,1850.7,18241.2,0.0,0.0
2022-06-11,Sa,346.5,16168.9,0.0,0.0
2022-06-12,So,1944.4,17482.0,0.0,0.0
2022-06-13,Mo,2324.0,10108.5,0.0,0.0
2022-06-14,Di,1545.3,12420.9,0.0,0.0
2022-06-15,Mi,976.7,15096.3,0.0,0.0
2022-06-16,Do,368.1,17247.5,0.0,0.5
2022-06-17,Fr,1058.5,16158.2,0.0,0.0
2022-06-18,Sa,1290.0,19339.3,0.0,0.0
2022-06-19,So,145.9,16648.9,0.0,0.0
2022-06-20,Mo,713.2,11756.1,0.0,0.0
2022-06-21,Di,5781.1,10510.2,0.0,0.0
2022-06-22,Mi,6422.9,2512.4,0.0,0.0
2022-06-23,Do,7935.4,4961.3,0.0,0.0
2022-06-24,Fr,12797.5,1067.1,0.0,0.0
2022-06-25,Sa,3716.6,16759.3,0.0,0.0
2022-06-26,So,485.5,19156.2,0.0,0.0
2022-06-27,Mo,6024.5,2167.9,0.0,0.0
2022-06-28,Di,12127.8,1335.0,0.0,0.0
2022-06-29,Mi,570.6,15125.4,0.0,0.0
2022-06-30,Do,6392.9,5428.6,0.0,0.0
2022-07-01,Fr,6623.5,6186.2,0.0,0.0
2022-07-02,Sa,1316.1,19508.2,0.028571428571428574,0.0
2022-07-03,So,3344.3,21318.0,0.028571428571428574,0.0
2022-07-04,Mo,5214.5,6621.5,0.028571428571428574,0.0
2022-07-05,Di,491.0,13363.7,0.028571428571428574,0.0
2022-07-06,Mi,1840.4,15077.7,0.028571428571428574,0.0
2022-07-07,Do,2198.1,13984.6,0.028571428571428574,0.0
2022-07-08,Fr,2267.0,17617.8,0.028571428571428574,0.0
2022-07-09,Sa,753.7,18862.9,0.8571428571428571,0.0
2022-07-10,So,2029.1,22400.8,0.8571428571428571,0.0
2022-07-11,Mo,1186.0,14833.0,0.8571428571428571,0.0
2022-07-12,Di,862.1,18713.8,0.8571428571428571,0.0
2022-07-13,Mi,838.0,17037.6,0.8571428571428571,0.0
2022-07-14,Do,906.2,18393.9,0.8571428571428571,0.0
2022-07-15,Fr,1924.7,17287.7,0.8571428571428571,0.0
2022-07-16,Sa,948.5,21331.3,1.0,0.0
2022-07-17,So,876.9,18679.7,1.0,0.0
2022-07-18,Mo,1001.8,15276.0,1.0,0.0
2022-07-19,Di,1845.4,15547.1,1.0,0.0
2022-07-20,Mi,8331.0,7202.7,1.0,0.0
2022-07-21,Do,1327.5,16825.9,1.0,0.0
2022-07-22,Fr,1031.7,18179.0,1.0,0.0
2022-07-23,Sa,3546.5,15756.0,1.0,0.0
2022-07-24,So,813.0,17228.5,1.0,0.0
2022-07-25,Mo,1627.6,15341.0,1.0,0.0
2022-07-26,Di,3495.9,13970.8,1.0,0.0
2022-07-27,Mi,1382.0,16748.5,1.0,0.0
2022-07-28,Do,7277.5,9580.3,1.0,0.0
2022-07-29,Fr,9106.7,4443.9,1.0,0.0
2022-07-30,Sa,778.2,16583.5,1.0,0.0
2022-07-31,So,1579.9,21766.4,1.0,0.0
2022-08-01,Mo,1985.95,18475.3,1.0,1.0
2022-08-02,Di,966.4,14687.0,1.0,0.0
2022-08-03,Mi,797.1,16729.1,1.0,0.0
2022-08-04,Do,742.8,15237.7,1.0,0.0
2022-08-05,Fr,8848.2,10132.6,1.0,0.0
2022-08-06,Sa,18198.0,3631.6,1.0,0.0
2022-08-07,So,5238.7,18127.0,1.0,0.0
2022-08-08,Mo,1482.6,16493.3,0.8571428571428571,0.0
2022-08-09,Di,1406.2,17894.2,0.8571428571428571,0.0
2022-08-10,Mi,1666.1,16026.0,0.8571428571428571,0.0
2022-08-11,Do,1657.4,16465.0,0.8571428571428571,0.0
2022-08-12,Fr,-3470.1,19144.0,0.8571428571428571,0.0
2022-08-13,Sa,920.3,21083.7,0.8571428571428571,0.0
2022-08-14,So,2776.9,18214.1,0.8571428571428571,0.0
2022-08-15,Mo,9900.0,8358.2,0.6571428571428571,0.0
2022-08-16,Di,2841.4,16615.7,0.6285714285714287,0.0
2022-08-17,Mi,5244.5,8451.9,0.6285714285714287,0.0
2022-08-18,Do,7363.3,3216.4,0.6285714285714287,0.0
2022-08-19,Fr,12796.4,83.8,0.6285714285714287,0.0
2022-08-20,Sa,8868.0,6191.9,0.6285714285714287,0.0
2022-08-21,So,1639.5,19467.85,0.6285714285714287,0.0
2022-08-22,Mo,1193.8,10884.9,0.05714285714285715,0.0
2022-08-23,Di,1394.5,15838.9,0.05714285714285715,0.0
2022-08-24,Mi,1782.9,15817.9,0.05714285714285715,0.0
2022-08-25,Do,1340.4,14380.0,0.05714285714285715,0.0
2022-08-26,Fr,8039.0,6076.1,0.05714285714285715,0.0
2022-08-27,Sa,3963.4,14476.2,0.05714285714285715,0.0
2022-08-28,So,1900.5,15900.6,0.05714285714285715,0.5
2022-08-29,Mo,1209.7,8793.7,0.0,0.0
2022-08-30,Di,5789.3,5525.6,0.0,0.0
2022-08-31,Mi,8708.6,851.4,0.0,0.0
2022-09-01,Do,4649.0,5889.8,0.0,0.0
2022-09-02,Fr,7729.9,8456.0,0.0,0.0
2022-09-03,Sa,12258.6,3271.1,0.0,0.0
2022-09-04,So,1397.5,20359.8,0.0,0.0
2022-09-05,Mo,571.1,9964.9,0.0,0.0
2022-09-06,Di,1471.1,7934.0,0.0,0.0
2022-09-07,Mi,5068.3,3568.6,0.0,0.0
2022-09-08,Do,6964.3,3616.2,0.0,0.0
2022-09-09,Fr,10567.5,1441.2,0.0,0.0
2022-09-10,Sa,11731.2,1658.6,0.0,0.0
2022-09-11,So,1288.7,18805.6,0.0,0.0
2022-09-12,Mo,2818.6,11718.3,0.0,0.0
2022-09-13,Di,1344.7,10704.7,0.0,0.0
2022-09-14,Mi,5130.9,2027.4,0.0,0.0
2022-09-15,Do,6039.05,241.25,0.0,0.0
2022-09-16,Fr,10005.8,132.0,0.0,0.0
2022-09-17,Sa,13289.0,71.0,0.0,0.0
2022-09-18,So,13157.2,2987.1,0.0,0.0
2022-09-19,Mo,6231.95,396.45,0.0,0.0
2022-09-20,Di,9612.65,1260.35,0.0,0.0
2022-09-21,Mi,6810.85,1330.7,0.0,0.0
2022-09-22,Do,4311.5,4811.4,0.0,0.0
2022-09-23,Fr,9100.6,1265.35,0.0,0.0
2022-09-24,Sa,13323.55,589.45,0.05714285714285715,0.0
2022-09-25,So,15216.0,80.0,0.05714285714285715,0.0
2022-09-26,Mo,4928.7,0.0,0.05714285714285715,0.0
2022-09-27,Di,5890.6,0.0,0.05714285714285715,0.0
2022-09-28,Mi,5116.1,0.0,0.05714285714285715,0.0
2022-09-29,Do,10488.1,0.0,0.05714285714285715,0.0
2022-10-01,Sa,12774.95,0.0,0.7428571428571429,0.0
2022-10-02,So,11969.85,300.3,0.7428571428571429,0.0
2022-10-03,Mo,10046.2,0.0,0.7428571428571429,0.0
2022-10-04,Di,8472.25,1330.05,0.7428571428571429,0.0
2022-10-05,Mi,8352.5,7023.85,0.7428571428571429,0.0
2022-10-06,Do,5816.5,4329.7,0.7428571428571429,0.0
2022-10-07,Fr,10996.25,2777.7,0.7428571428571429,0.0
2022-10-08,Sa,13823.0,149.4,1.0,0.0
2022-10-09,So,13043.1,0.0,1.0,0.0
2022-10-10,Mo,7095.05,1794.9,1.0,0.0
2022-10-11,Di,7143.6,1895.1,1.0,0.0
2022-10-12,Mi,9011.8,312.6,1.0,0.0
2022-10-13,Do,9495.1,461.1,1.0,0.0
2022-10-14,Fr,10412.7,191.6,1.0,0.0
2022-10-15,Sa,13694.05,543.85,1.0,0.0
2022-10-16,So,12681.15,6804.35,1.0,0.0
2022-10-17,Mo,5165.1,4047.6,0.2571428571428572,0.0
2022-10-18,Di,6904.95,7378.5,0.2571428571428572,0.0
2022-10-19,Mi,7258.2,626.5,0.2571428571428572,0.0
2022-10-20,Do,6649.35,285.7,0.2571428571428572,0.0
2022-10-21,Fr,12887.3,0.0,0.2571428571428572,0.0
2022-10-22,Sa,14609.8,4000.5,0.2571428571428572,0.0
2022-10-23,So,9956.0,3105.1,0.2571428571428572,0.0
2022-10-24,Mo,5227.2,0.0,0.028571428571428574,0.0
2022-10-25,Di,6568.45,977.65,0.028571428571428574,0.0
2022-10-26,Mi,7154.2,870.85,0.028571428571428574,0.0
2022-10-27,Do,5477.15,3200.8,0.028571428571428574,0.0
2022-10-28,Fr,11293.65,869.0,0.028571428571428574,0.0
2022-10-29,Sa,9492.45,1928.35,0.028571428571428574,0.0
2022-10-30,So,10815.05,6576.2,0.028571428571428574,0.0
2022-10-31,Mo,7153.3,1047.3,0.0,0.0
2022-11-01,Di,9559.05,987.5,0.0,0.0
2022-11-02,Mi,6134.6,109.3,0.0,0.0
2022-11-03,Do,4988.8,393.35,0.0,0.0
2022-11-04,Fr,8952.25,0.0,0.0,0.0
2022-11-05,Sa,12010.4,24.15,0.0,0.0
2022-11-06,So,12928.55,10.3,0.0,0.0
2022-11-07,Mo,6173.15,1201.5,0.0,0.0
2022-11-08,Di,5822.6,194.55,0.0,0.0
2022-11-09,Mi,6150.35,35.0,0.0,0.0
2022-11-10,Do,5876.45,148.7,0.0,0.0
2022-11-11,Fr,10148.15,0.0,0.0,0.0
2022-11-12,Sa,11760.05,0.0,0.0,0.0
2022-11-13,So,10808.05,0.0,0.0,0.0
2022-11-14,Mo,4426.35,0.0,0.0,0.0
2022-11-15,Di,8379.35,0.0,0.0,0.0
2022-11-16,Mi,4997.25,41.65,0.0,0.0
2022-11-17,Do,7223.1,9.25,0.0,0.0
2022-11-18,Fr,6789.8,0.0,0.0,0.0
2022-11-19,Sa,13383.0,0.0,0.0,0.0
2022-11-20,So,13228.5,232.9,0.0,0.0
2022-11-21,Mo,4559.75,5.15,0.0,0.0
2022-11-22,Di,8164.3,0.0,0.0,0.0
2022-11-23,Mi,3705.5,41.7,0.0,0.0
2022-11-24,Do,3388.75,0.0,0.0,0.0
2022-11-25,Fr,8421.3,0.0,0.0,0.0
2022-11-26,Sa,11317.7,0.0,0.0,0.0
2022-11-27,So,9522.05,0.0,0.0,0.0
2022-11-28,Mo,5323.35,0.0,0.0,0.0
2022-11-29,Di,8342.2,0.0,0.0,0.0
2022-11-30,Mi,5932.75,0.0,0.0,0.0
2022-12-01,Do,9140.75,0.0,0.0,0.0
2022-12-02,Fr,9696.05,0.0,0.0,0.0
2022-12-03,Sa,8796.65,0.0,0.0,0.0
2022-12-04,So,7603.1,0.0,0.0,0.0
2022-12-05,Mo,5913.5,0.0,0.0,0.0
2022-12-06,Di,3884.8,0.0,0.0,0.0
2022-12-07,Mi,6914.7,0.0,0.0,0.0
2022-12-08,Do,6531.25,0.0,0.0,0.0
2022-12-09,Fr,11090.3,0.0,0.0,0.0
2022-12-10,Sa,10682.75,0.0,0.0,0.0
2022-12-11,So,7346.85,0.0,0.0,0.0
2022-12-12,Mo,6510.65,0.0,0.0,0.0
2022-12-13,Di,7914.1,0.0,0.0,0.0
2022-12-14,Mi,7114.75,0.0,0.0,0.0
2022-12-15,Do,7986.2,0.0,0.0,0.0
2022-12-16,Fr,12971.75,0.0,0.0,0.0
2022-12-17,Sa,9243.5,0.0,0.0,0.0
2022-12-18,So,5637.05,0.0,0.0,0.0
2022-12-19,Mo,4204.85,0.0,0.0,0.0
2022-12-20,Di,7869.3,0.0,0.0,0.0
2022-12-21,Mi,6300.8,0.0,0.0,0.0
2022-12-22,Do,5585.0,0.0,0.14285714285714285,0.0
2022-12-23,Fr,4358.6,0.0,0.14285714285714285,0.0
2022-12-24,Sa,0.0,0.0,1.0,1.0
2022-12-25,So,13269.5,0.0,1.0,1.0
2022-12-26,Mo,13859.95,0.0,1.0,1.0
2022-12-27,Di,8055.1,0.0,1.0,0.0
2022-12-28,Mi,8946.8,27.3,1.0,0.0
2022-12-29,Do,7821.1,0.0,1.0,0.0
2022-12-30,Fr,8338.8,0.0,1.0,0.0
2022-12-31,Sa,37123.7,40.5,1.0,1.0
2023-01-01,So,10468.0,2002.0,1.0,1.0
2023-01-02,Mo,9440.6,76.7,1.0,0.0
2023-01-03,Di,2919.1,0.0,1.0,0.0
2023-01-04,Mi,4070.3,0.0,1.0,0.0
2023-01-05,Do,5371.7,0.0,1.0,0.0
2023-01-06,Fr,7603.2,0.0,1.0,0.0
2023-01-07,Sa,13336.0,226.0,0.8571428571428571,0.0
2023-01-08,So,5025.8,0.0,0.8571428571428571,0.0
2023-01-09,Mo,5560.7,0.0,0.0,0.0
2023-01-10,Di,2287.2,0.0,0.0,0.0
2023-01-11,Mi,5738.8,0.0,0.0,0.0
2023-01-12,Do,4954.8,0.0,0.0,0.0
2023-01-13,Fr,6164.0,0.0,0.0,0.0
2023-01-14,Sa,11289.9,0.0,0.0,0.0
2023-01-15,So,7346.6,0.0,0.0,0.0
2023-01-16,Mo,5932.5,0.0,0.0,0.0
2023-01-17,Di,4476.4,0.0,0.0,0.0
2023-01-18,Mi,4486.6,0.0,0.0,0.0
2023-01-19,Do,4113.4,0.0,0.0,0.0
2023-01-20,Fr,9020.1,0.0,0.0,0.0
2023-01-21,Sa,10713.0,0.0,0.0,0.0
2023-01-22,So,6541.7,0.0,0.0,0.0
2023-01-23,Mo,5875.1,0.0,0.0,0.0
2023-01-24,Di,3346.1,0.0,0.0,0.0
2023-01-25,Mi,5612.4,0.0,0.0,0.0
2023-01-26,Do,3191.0,0.0,0.0,0.0
2023-01-27,Fr,6370.2,0.0,0.0,0.0
2023-01-28,Sa,10223.4,0.0,0.0,0.0
2023-01-29,So,6056.3,0.0,0.0,0.0
2023-01-30,Mo,4215.2,0.0,0.0,0.0
2023-01-31,Di,5874.0,0.0,0.0,0.0
2023-02-01,Mi,3024.7,0.0,0.0,0.0
2023-02-02,Do,5466.8,0.0,0.0,0.0
2023-02-03,Fr,12900.9,0.0,0.0,0.0
2023-02-04,Sa,12493.6,0.0,0.14285714285714285,0.0
2023-02-05,So,8255.1,0.0,0.14285714285714285,0.0
2023-02-06,Mo,5038.8,0.0,0.14285714285714285,0.0
2023-02-07,Di,4986.3,0.0,0.14285714285714285,0.0
2023-02-08,Mi,2499.9,0.0,0.14285714285714285,0.0
2023-02-09,Do,4906.6,93.3,0.14285714285714285,0.0
2023-02-10,Fr,6361.3,114.7,0.14285714285714285,0.0
2023-02-11,Sa,9368.3,628.7,0.5428571428571428,0.0
2023-02-12,So,12198.9,2066.5,0.5428571428571428,0.0
2023-02-13,Mo,3211.4,13.0,0.5428571428571428,0.0
2023-02-14,Di,15682.0,395.4,0.5428571428571428,1.0
2023-02-15,Mi,5791.2,568.5,0.5428571428571428,0.0
2023-02-16,Do,6554.5,1169.2,0.5714285714285714,0.0
2023-02-17,Fr,10783.3,0.0,0.5714285714285714,0.0
2023-02-18,Sa,8761.5,1114.3,0.5714285714285714,0.0
2023-02-19,So,8841.5,427.0,0.5714285714285714,0.0
2023-02-20,Mo,4309.8,1644.2,0.42857142857142855,0.0
2023-02-21,Di,6787.15,3364.2,0.42857142857142855,0.0
2023-02-22,Mi,9379.9,308.8,0.42857142857142855,0.0
2023-02-23,Do,7121.9,809.6,0.42857142857142855,0.0
2023-02-24,Fr,7362.9,919.6,0.42857142857142855,0.0
2023-02-25,Sa,12490.6,0.0,0.5714285714285714,0.0
2023-02-26,So,13094.6,0.0,0.5714285714285714,0.0
2023-02-27,Mo,7102.1,0.0,0.14285714285714285,0.0
2023-02-28,Di,5914.4,0.0,0.14285714285714285,0.0
2023-03-01,Mi,5871.1,0.0,0.14285714285714285,0.0
2023-03-02,Do,7766.9,128.5,0.14285714285714285,0.0
2023-03-03,Fr,5311.5,0.0,0.14285714285714285,0.0
2023-03-04,Sa,11972.7,645.2,0.14285714285714285,0.0
2023-03-05,So,11661.6,264.3,0.14285714285714285,0.0
2023-03-06,Mo,2104.6,117.8,0.0,0.0
2023-03-07,Di,3878.1,0.0,0.0,0.0
2023-03-08,Mi,7827.15,13.0,0.0,0.0
2023-03-09,Do,5037.3,100.5,0.0,0.0
2023-03-10,Fr,8057.8,0.0,0.0,0.0
2023-03-11,Sa,11455.6,0.0,0.0,0.0
2023-03-12,So,13329.1,17.7,0.0,0.0
2023-03-13,Mo,5071.4,743.6,0.0,0.0
2023-03-14,Di,5115.6,0.0,0.0,0.0
2023-03-15,Mi,4807.3,7.0,0.0,0.0
2023-03-16,Do,5713.450000000001,465.1,0.0,0.0
2023-03-17,Fr,10407.0,488.6,0.0,0.0
2023-03-18,Sa,13775.2,5549.5,0.0,0.0
2023-03-19,So,12494.9,11.3,0.0,0.0
2023-03-20,Mo,6177.2,365.0,0.0,0.0
2023-03-21,Di,6835.0,430.7,0.0,0.0
2023-03-22,Mi,6288.5,3829.7,0.0,0.0
2023-03-23,Do,5932.8,37.0,0.0,0.0
2023-03-24,Fr,8752.9,10.4,0.0,0.0
2023-03-25,Sa,13218.7,0.0,0.0,0.0
2023-03-26,So,13502.1,0.0,0.0,0.0
2023-03-27,Mo,3672.6,0.0,0.0,0.0
2023-03-28,Di,6079.9,63.5,0.0,0.0
2023-03-29,Mi,5560.5,17.8,0.0,0.0
2023-03-30,Do,5075.0,27.2,0.0,0.0
2023-03-31,Fr,8517.6,0.0,0.0,0.0
2023-04-01,Sa,9737.2,0.0,0.0,0.0
2023-04-02,So,11726.5,478.5,0.0,0.1
2023-04-03,Mo,5695.700000000001,0.0,0.0,0.0
2023-04-04,Di,6373.4,53.8,0.0,0.0
2023-04-05,Mi,5715.8,302.0,0.0,0.0
2023-04-06,Do,6371.0,0.0,0.0,0.0
2023-04-07,Fr,16490.4,0.0,0.7142857142857143,1.0
2023-04-08,Sa,17023.3,77.4,0.7142857142857143,0.0
2023-04-09,So,20628.2,2062.3,0.7142857142857143,1.0
2023-04-10,Mo,13572.0,4225.8,0.7142857142857143,1.0
2023-04-11,Di,6530.6,0.0,0.7142857142857143,0.0
2023-04-12,Mi,5186.9,10.2,0.7142857142857143,0.0
2023-04-13,Do,8008.9,0.0,0.7142857142857143,0.0
2023-04-14,Fr,8369.8,358.0,0.7142857142857143,0.0
2023-04-15,Sa,12740.7,0.0,0.8571428571428571,0.75
2023-04-16,So,12742.8,0.0,0.8571428571428571,0.75
2023-04-17,Mo,4347.2,227.5,0.8571428571428571,0.0
2023-04-18,Di,5728.9,352.6,0.8571428571428571,0.0
2023-04-19,Mi,9713.8,0.0,0.8571428571428571,0.0
2023-04-20,Do,4743.5,0.0,0.8571428571428571,0.0
2023-04-21,Fr,11122.1,201.7,0.8571428571428571,0.0
2023-04-22,Sa,13439.7,3602.3,0.8571428571428571,0.0
2023-04-23,So,13882.8,1821.9,0.8571428571428571,0.0
2023-04-24,Mo,7123.1,5.2,0.14285714285714285,0.0
2023-04-25,Di,6344.6,17.4,0.14285714285714285,0.0
2023-04-26,Mi,5178.3,2090.2,0.14285714285714285,0.0
2023-04-27,Do,5666.0,2598.701,0.14285714285714285,0.0
2023-04-28,Fr,9299.0,0.0,0.14285714285714285,0.0
2023-04-29,Sa,10680.2,3342.7,0.2857142857142857,0.0
2023-04-30,So,15682.6,307.0,0.2857142857142857,0.0
2023-05-01,Mo,8048.3,16.6,0.14285714285714285,0.0
2023-05-02,Di,7006.2,347.5,0.14285714285714285,0.0
2023-05-03,Mi,8310.7,1958.9,0.14285714285714285,0.0
2023-05-04,Do,4000.6,8567.9,0.14285714285714285,0.0
2023-05-05,Fr,8525.4,3928.6,0.14285714285714285,0.0
2023-05-06,Sa,8848.4,8342.0,0.14285714285714285,0.75
2023-05-07,So,15394.9,2992.1,0.14285714285714285,0.0
2023-05-08,Mo,5417.5,235.4,0.14285714285714285,0.0
2023-05-09,Di,4981.1,2474.4,0.14285714285714285,0.0
2023-05-10,Mi,4069.1000000000004,46.8,0.14285714285714285,0.0
2023-05-11,Do,7694.5,0.0,0.14285714285714285,0.0
2023-05-12,Fr,10586.6,365.8,0.14285714285714285,0.0
2023-05-13,Sa,14713.65,0.0,0.14285714285714285,0.0
2023-05-14,So,31984.7,409.6,0.14285714285714285,1.0
2023-05-15,Mo,5685.1,103.2,0.0,0.0
2023-05-16,Di,5930.0,0.0,0.0,0.0
2023-05-17,Mi,10195.6,0.0,0.0,0.0
2023-05-18,Do,19714.68,670.6,0.0,1.0
2023-05-19,Fr,12377.9,74.7,0.0,1.0
2023-05-20,Sa,12620.4,101.6,0.0,0.0
2023-05-21,So,5102.4,17268.5,0.0,0.0
2023-05-22,Mo,1601.9,11152.3,0.0,0.0
2023-05-23,Di,6300.7,-666.1,0.0,0.0
2023-05-24,Mi,9664.3,72.6,0.0,0.0
2023-05-25,Do,6614.2,331.9,0.0,0.0
2023-05-26,Fr,1056.6,15907.3,0.0,0.0
2023-05-27,Sa,3366.7,18222.8,0.0,0.0
2023-05-28,So,3959.1,27010.3,0.0,1.0
2023-05-29,Mo,2637.3,24853.1,0.0,1.0
2023-05-30,Di,-585.3,11894.9,0.0,0.0
2023-05-31,Mi,222.5,14287.45,0.0,0.0
2023-06-01,Do,622.4,16325.0,0.0,0.0
2023-06-02,Fr,708.8,18605.5,0.0,0.0
2023-06-03,Sa,5350.0,20013.1,0.0,0.0
2023-06-04,So,2496.3,17935.2,0.0,0.0
2023-06-05,Mo,623.9,16949.5,0.0,0.0
2023-06-06,Di,99.4,13448.6,0.0,0.0
2023-06-07,Mi,-3138.7,15465.9,0.0,0.0
2023-06-08,Do,9677.45,11638.8,0.0,0.5
2023-06-09,Fr,2479.3,15461.6,0.0,0.0
2023-06-10,Sa,2071.7,17168.4,0.0,0.0
2023-06-11,So,781.8,22445.1,0.0,0.0
2023-06-12,Mo,338.1,10827.6,0.0,0.0
2023-06-13,Di,1028.3,17417.9,0.0,0.0
2023-06-14,Mi,363.4,14158.2,0.0,0.0
2023-06-15,Do,712.45,16692.8,0.0,0.0
2023-06-16,Fr,2446.8,14303.7,0.0,0.0
2023-06-17,Sa,2086.8,17971.4,0.0,0.0
2023-06-18,So,4135.2,20896.8,0.0,0.0
2023-06-19,Mo,329.0,13280.7,0.0,0.0
2023-06-20,Di,2728.5,9701.6,0.0,0.0
2023-06-21,Mi,226.1,13612.9,0.0,0.0
2023-06-22,Do,9561.1,3517.9,0.0,0.0
2023-06-23,Fr,1682.7,16920.5,0.0,0.0
2023-06-24,Sa,3429.2,18486.1,0.0,0.0
2023-06-25,So,1640.4,23268.3,0.0,0.0
2023-06-26,Mo,296.0,14095.7,0.0,0.0
2023-06-27,Di,3284.2,16130.7,0.0,0.0
2023-06-28,Mi,639.0,11598.0,0.0,0.0
2023-06-29,Do,5654.4,10260.6,0.0,0.0
2023-06-30,Fr,7163.2,1670.5,0.0,0.0
2023-07-01,Sa,11164.3,6029.7,0.028571428571428574,0.0
2023-07-02,So,11121.8,4981.0,0.028571428571428574,0.0
2023-07-03,Mo,433.1,15718.1,0.028571428571428574,0.0
2023-07-04,Di,236.9,16050.6,0.028571428571428574,0.0
2023-07-05,Mi,9069.8,1549.3,0.028571428571428574,0.0
2023-07-06,Do,1547.1,17912.4,0.028571428571428574,0.0
2023-07-07,Fr,2124.9,19663.8,0.028571428571428574,0.0
2023-07-08,Sa,2675.8,17081.0,0.8571428571428571,0.0
2023-07-09,So,3533.6,24814.95,0.8571428571428571,0.0
2023-07-10,Mo,482.3,14413.9,0.8571428571428571,0.0
2023-07-11,Di,5620.3,9726.3,0.8571428571428571,0.0
2023-07-12,Mi,11025.1,2486.9,0.8571428571428571,0.0
2023-07-13,Do,2642.5,13277.3,0.8571428571428571,0.0
2023-07-14,Fr,2219.7,19400.8,0.8571428571428571,0.0
2023-07-15,Sa,626.1,19555.7,0.8571428571428571,0.0
2023-07-16,So,1493.7,21170.5,0.8571428571428571,0.0
2023-07-17,Mo,880.8,16719.4,0.8571428571428571,0.0
2023-07-18,Di,1043.4,15480.0,0.8571428571428571,0.0
2023-07-19,Mi,616.2,15534.8,0.8571428571428571,0.0
2023-07-20,Do,1519.9,17597.5,0.8571428571428571,0.0
2023-07-21,Fr,14431.9,1990.2,0.8571428571428571,0.0
2023-07-22,Sa,2384.9,20207.15,1.0,0.0
2023-07-23,So,1514.1,18336.5,1.0,0.0
2023-07-24,Mo,8378.8,1849.1,1.0,0.0
2023-07-25,Di,10294.6,593.5,1.0,0.0
2023-07-26,Mi,13403.3,676.1,1.0,0.0
2023-07-27,Do,1881.6,15811.95,1.0,0.0
2023-07-28,Fr,10964.6,7257.2,1.0,0.0
2023-07-29,Sa,10348.6,3753.8,1.0,0.0
2023-07-30,So,6149.1,13918.0,1.0,0.0
2023-07-31,Mo,1766.4,17750.4,1.0,0.0
2023-08-01,Di,19076.7,0.0,1.0,1.0
2023-08-02,Mi,7204.4,7404.8,1.0,0.0
2023-08-03,Do,10612.8,4630.5,1.0,0.0
2023-08-04,Fr,13653.6,184.2,1.0,0.0
2023-08-05,Sa,7467.1,9972.8,1.0,0.0
2023-08-06,So,20782.1,31.3,1.0,0.0
2023-08-07,Mo,10168.5,90.6,1.0,0.0
2023-08-08,Di,3794.2,14571.4,1.0,0.0
2023-08-09,Mi,4757.4,12229.7,1.0,0.0
2023-08-10,Do,3148.8,18124.5,1.0,0.0
2023-08-11,Fr,3620.2,20646.9,1.0,0.0
2023-08-12,Sa,3198.8,14113.7,1.0,0.0
2023-08-13,So,2878.0,20817.0,1.0,0.0
2023-08-14,Mo,1638.5,16479.2,0.6285714285714287,0.0
2023-08-15,Di,1528.9,21408.9,0.6285714285714287,0.0
2023-08-16,Mi,1519.1,14572.8,0.6285714285714287,0.0
2023-08-17,Do,1660.3,13787.4,0.6285714285714287,0.0
2023-08-18,Fr,760.7,15648.4,0.6285714285714287,0.0
2023-08-19,Sa,863.6,14869.3,0.6285714285714287,0.0
2023-08-20,So,5336.7,15430.9,0.6285714285714287,0.75
2023-08-21,Mo,486.8,11991.4,0.05714285714285715,0.0
2023-08-22,Di,947.7,14304.2,0.05714285714285715,0.0
2023-08-23,Mi,1165.1,13210.7,0.05714285714285715,0.0
2023-08-24,Do,5367.2,10046.5,0.05714285714285715,0.0
2023-08-25,Fr,1493.5,11503.3,0.05714285714285715,0.0
2023-08-26,Sa,11552.5,1919.6,0.05714285714285715,0.0
2023-08-27,So,13758.2,1219.0,0.05714285714285715,0.0
2023-08-28,Mo,7250.3,175.3,0.0,0.5
2023-08-29,Di,10109.8,0.0,0.0,0.0
2023-08-30,Mi,4963.0,2257.5,0.0,0.0
2023-08-31,Do,8438.2,738.1,0.0,0.0
2023-09-01,Fr,1479.7,15591.6,0.0,0.0
2023-09-02,Sa,2738.2,16851.8,0.0,0.0
2023-09-03,So,390.5,19491.4,0.0,0.0
2023-09-04,Mo,654.2,11561.0,0.0,0.0
2023-09-05,Di,506.3,15153.2,0.0,0.0
2023-09-06,Mi,145.4,11844.9,0.0,0.0
2023-09-07,Do,460.2,15221.4,0.0,0.0
2023-09-08,Fr,1689.4,15671.7,0.0,0.0
2023-09-09,Sa,3358.0,18383.9,0.0,0.0
2023-09-10,So,5876.1,20365.3,0.0,0.0
2023-09-11,Mo,968.8,12105.5,0.0,0.0
2023-09-12,Di,1231.8,11985.9,0.0,0.0
2023-09-13,Mi,8462.9,1045.3,0.0,0.0
2023-09-14,Do,7226.2,1066.6,0.0,0.0
2023-09-15,Fr,931.1999999999999,12738.5,0.0,0.0
2023-09-16,Sa,7202.4,8126.5,0.0,0.0
2023-09-17,So,1141.0,20704.8,0.0,0.0
2023-09-18,Mo,8012.0,0.0,0.0,0.0
2023-09-19,Di,9523.3,1204.9,0.0,0.0
2023-09-20,Mi,700.6,9683.2,0.0,0.0
2023-09-21,Do,3705.3,4331.3,0.0,0.0
2023-09-22,Fr,10491.6,35.2,0.0,0.0
2023-09-23,Sa,13073.5,1678.1,0.05714285714285715,0.0
2023-09-24,So,13315.0,5600.9,0.05714285714285715,0.0
2023-09-25,Mo,4953.1,4568.1,0.05714285714285715,0.0
2023-09-26,Di,2721.1,6661.3,0.05714285714285715,0.0
2023-09-27,Mi,2825.3,8704.7,0.05714285714285715,0.0
2023-09-28,Do,1079.6,9108.5,0.05714285714285715,0.0
2023-09-29,Fr,6329.0,7557.5,0.05714285714285715,0.0
2023-09-30,Sa,9783.0,7326.6,0.7428571428571429,0.0
2023-10-01,So,4351.5,16053.7,0.7428571428571429,0.0
2023-10-02,Mo,1660.8,12230.4,0.7428571428571429,0.0
2023-10-03,Di,6043.6,6548.2,0.7428571428571429,0.0
2023-10-04,Mi,8251.3,3239.4,0.7428571428571429,0.0
2023-10-05,Do,5981.2,3087.3,0.7428571428571429,0.0
2023-10-06,Fr,8353.5,5881.6,0.7428571428571429,0.0
2023-10-07,Sa,8244.6,5729.0,1.0,0.0
2023-10-08,So,5467.0,14520.0,1.0,0.0
2023-10-09,Mo,6295.3,4161.8,1.0,0.0
2023-10-10,Di,5301.4,6627.2,1.0,0.0
2023-10-11,Mi,5130.4,10258.6,1.0,0.0
2023-10-12,Do,6335.0,7433.8,1.0,0.0
2023-10-13,Fr,10292.9,10967.1,1.0,0.0
2023-10-14,Sa,11577.9,236.6,1.0,0.0
2023-10-15,So,13236.8,0.0,1.0,0.0
2023-10-16,Mo,5951.4,477.7,0.2571428571428572,0.0
2023-10-17,Di,6037.8,143.7,0.2571428571428572,0.0
2023-10-18,Mi,4958.4,0.0,0.2571428571428572,0.0
2023-10-19,Do,7882.3,216.2,0.2571428571428572,0.0
2023-10-20,Fr,8365.1,0.0,0.2571428571428572,0.0
2023-10-21,Sa,13330.2,0.0,0.2571428571428572,0.0
2023-10-22,So,12174.55,1832.0,0.2571428571428572,0.0
2023-10-23,Mo,6491.1,210.9,0.028571428571428574,0.0
2023-10-24,Di,5409.0,0.0,0.028571428571428574,0.0
2023-10-25,Mi,8458.5,12.0,0.028571428571428574,0.0
2023-10-26,Do,8305.0,0.0,0.028571428571428574,0.0
2023-10-27,Fr,8317.1,21.8,0.028571428571428574,0.0
2023-10-28,Sa,15713.2,929.6,0.028571428571428574,0.0
2023-10-29,So,12409.1,1786.9,0.028571428571428574,0.0
2023-10-30,Mo,5631.8,0.0,0.0,0.0
2023-10-31,Di,7072.4,0.0,0.0,0.0
2023-11-01,Mi,8670.9,0.0,0.0,0.0
2023-11-02,Do,4152.0,0.0,0.0,0.0
2023-11-03,Fr,7976.2,4.3,0.0,0.0
2023-11-04,Sa,12624.5,0.0,0.0,0.0
2023-11-05,So,10243.5,0.0,0.0,0.0
2023-11-06,Mo,5403.5,0.0,0.0,0.0
2023-11-07,Di,5592.8,0.0,0.0,0.0
2023-11-08,Mi,5943.9,369.1,0.0,0.0
2023-11-09,Do,7230.1,0.0,0.0,0.0
2023-11-10,Fr,8350.1,0.0,0.0,0.0
2023-11-11,Sa,13528.1,0.0,0.0,0.0
2023-11-12,So,4171.2,0.0,0.0,0.0
2023-11-13,Mo,4325.0,0.0,0.0,0.0
2023-11-14,Di,8336.1,0.0,0.0,0.0
2023-11-15,Mi,5207.7,0.0,0.0,0.0
2023-11-16,Do,5707.7,0.0,0.0,0.0
2023-11-17,Fr,8000.4,0.0,0.0,0.0
2023-11-18,Sa,11624.7,0.0,0.0,0.0
2023-11-19,So,12448.3,0.0,0.0,0.0
2023-11-20,Mo,5799.5,0.0,0.0,0.0
2023-11-21,Di,7363.9,0.0,0.0,0.0
2023-11-22,Mi,7659.0,0.0,0.0,0.0
2023-11-23,Do,6138.9,0.0,0.0,0.0
2023-11-24,Fr,11748.3,0.0,0.0,0.0
2023-11-25,Sa,11566.3,0.0,0.0,0.0
2023-11-26,So,9296.0,0.0,0.0,0.0
2023-11-27,Mo,4342.3,0.0,0.0,0.0
2023-11-28,Di,3838.0,0.0,0.0,0.0
2023-11-29,Mi,6690.9,0.0,0.0,0.0
2023-11-30,Do,4923.7,0.0,0.0,0.0
2023-12-01,Fr,11068.3,0.0,0.0,0.0
2023-12-02,Sa,9649.2,0.0,0.0,0.0
2023-12-03,So,7851.1,11.1,0.0,0.0
2023-12-04,Mo,4899.2,0.0,0.0,0.0
2023-12-05,Di,4711.0,0.0,0.0,0.0
2023-12-06,Mi,6385.3,0.0,0.0,0.0
2023-12-07,Do,11705.3,0.0,0.0,0.0
2023-12-08,Fr,6208.2,0.0,0.0,0.0
2023-12-09,Sa,5579.5,0.0,0.0,0.0
2023-12-10,So,6107.4,0.0,0.0,0.0
2023-12-11,Mo,5428.3,0.0,0.0,0.0
2023-12-12,Di,7206.7,0.0,0.0,0.0
2023-12-13,Mi,6518.6,0.0,0.0,0.0
2023-12-14,Do,8590.3,0.0,0.0,0.0
2023-12-15,Fr,9660.5,19.5,0.0,0.0
2023-12-16,Sa,11816.4,0.0,0.0,0.0
2023-12-17,So,9554.2,0.0,0.0,0.0
2023-12-18,Mo,8413.4,0.0,0.0,0.0
2023-12-19,Di,10087.3,63.0,0.0,0.0
2023-12-20,Mi,4308.2,0.0,0.0,0.0
2023-12-21,Do,7136.2,0.0,0.0,0.0
2023-12-22,Fr,6407.3,0.0,0.0,0.0
2023-12-23,Sa,6222.8,0.0,1.0,0.0
2023-12-24,So,70.0,0.0,1.0,1.0
2023-12-25,Mo,16921.1,421.5,1.0,1.0
2023-12-26,Di,13773.2,354.3,1.0,1.0
2023-12-27,Mi,8083.6,189.4,1.0,0.0
2023-12-28,Do,8207.2,0.0,1.0,0.0
2023-12-29,Fr,7449.1,0.0,1.0,0.0
2023-12-30,Sa,6674.7,269.3,1.0,0.0
2023-12-31,So,39045.0,0.0,1.0,1.0
2024-01-01,Mo,9138.9,0.0,1.0,1.0
2024-01-02,Di,11308.66,0.0,1.0,0.0
2024-01-03,Mi,4284.8,30.0,1.0,0.0
2024-01-04,Do,6025.0,177.9,1.0,0.0
2024-01-05,Fr,6459.9,0.0,1.0,0.0
2024-01-06,Sa,10408.6,0.0,1.0,0.0
2024-01-07,So,3362.0,0.0,1.0,0.0
2024-01-08,Mo,2627.5,0.0,0.0,0.0
2024-01-09,Di,4714.4,0.0,0.0,0.0
2024-01-10,Mi,1590.0,0.0,0.0,0.0
2024-01-11,Do,2525.0,0.0,0.0,0.0
2024-01-12,Fr,7664.2,0.0,0.0,0.0
2024-01-13,Sa,9747.5,0.0,0.0,0.0
2024-01-14,So,11725.2,0.0,0.0,0.0
2024-01-15,Mo,3748.1,0.0,0.0,0.0
2024-01-16,Di,2709.1,0.0,0.0,0.0
2024-01-17,Mi,3009.0,0.0,0.0,0.0
2024-01-18,Do,4199.0,0.0,0.0,0.0
2024-01-19,Fr,5441.1,71.0,0.0,0.0
2024-01-20,Sa,9412.1,67.0,0.0,0.0
2024-01-21,So,9349.3,238.3,0.0,0.0
2024-01-22,Mo,4548.3,0.0,0.0,0.0
2024-01-23,Di,5567.5,0.0,0.0,0.0
2024-01-24,Mi,4937.9,0.0,0.0,0.0
2024-01-25,Do,5924.2,0.0,0.0,0.0
2024-01-26,Fr,8017.6,0.0,0.0,0.0
2024-01-27,Sa,13013.6,543.9,0.0,0.0
2024-01-28,So,7672.1,757.5,0.0,0.0
2024-01-29,Mo,6192.5,140.4,0.0,0.0
2024-01-30,Di,5645.1,20.0,0.0,0.0
2024-01-31,Mi,5460.4,120.9,0.0,0.0
2024-02-01,Do,3848.2,0.0,0.0,0.0
2024-02-02,Fr,6229.0,0.0,0.0,0.0
2024-02-03,Sa,10263.2,1810.9,0.5428571428571428,0.0
2024-02-04,So,9293.1,606.2,0.5428571428571428,0.0
2024-02-05,Mo,4527.1,349.9,0.5428571428571428,0.0
2024-02-06,Di,7518.95,765.7,0.5428571428571428,0.0
2024-02-07,Mi,6631.0,154.3,0.5428571428571428,0.0
2024-02-08,Do,6494.3,0.0,0.5714285714285714,0.0
2024-02-09,Fr,8614.8,7.0,0.5714285714285714,0.0
2024-02-10,Sa,10635.1,0.0,0.5714285714285714,0.0
2024-02-11,So,8745.9,0.0,0.5714285714285714,0.0
2024-02-12,Mo,6132.1,9.5,0.5714285714285714,0.0
2024-02-13,Di,10156.5,1018.8,0.5714285714285714,0.0
2024-02-14,Mi,15532.7,29.0,0.5714285714285714,1.0
2024-02-15,Do,8861.0,0.0,0.5714285714285714,0.0
2024-02-16,Fr,11537.95,159.4,0.5714285714285714,0.0
2024-02-17,Sa,14138.5,0.0,0.5714285714285714,0.0
2024-02-18,So,14312.0,280.1,0.5714285714285714,0.0
2024-02-19,Mo,7152.1,0.0,0.0,0.0
2024-02-20,Di,4628.9,29.5,0.0,0.0
2024-02-21,Mi,4970.6,12.0,0.0,0.0
2024-02-22,Do,7805.2,0.0,0.0,0.0
2024-02-23,Fr,9963.3,73.5,0.0,0.0
2024-02-24,Sa,12923.6,48.1,0.14285714285714285,0.0
2024-02-25,So,10113.6,3458.7,0.14285714285714285,0.0
2024-02-26,Mo,4841.7,0.0,0.14285714285714285,0.0
2024-03-01,Fr,9673.9,0.0,0.14285714285714285,0.0
2024-03-02,Sa,11755.6,1211.2,0.14285714285714285,0.0
2024-03-03,So,9719.7,1746.2,0.14285714285714285,0.0
2024-03-04,Mo,3732.3,0.0,0.0,0.0
2024-03-05,Di,6198.5,0.0,0.0,0.0
2024-03-06,Mi,3697.2,0.0,0.0,0.0
2024-03-07,Do,6109.6,0.0,0.0,0.0
2024-03-08,Fr,9738.3,0.0,0.0,0.0
2024-03-09,Sa,10815.2,556.9,0.0,0.0
2024-03-10,So,12581.2,0.0,0.0,0.0
2024-03-11,Mo,7727.6,24.0,0.0,0.0
2024-03-12,Di,2757.8,0.0,0.0,0.0
2024-03-13,Mi,5438.8,0.0,0.0,0.0
2024-03-14,Do,8425.9,1019.2,0.0,0.0
2024-03-15,Fr,8266.0,0.0,0.0,0.0
2024-03-16,Sa,14353.6,24.0,0.0,0.0
2024-03-17,So,12780.6,0.0,0.0,0.0
2024-03-18,Mo,5532.6,0.0,0.0,0.0
2024-03-19,Di,5510.2,520.0,0.0,0.0
2024-03-20,Mi,5881.2,1955.1,0.0,0.0
2024-03-21,Do,6205.1,200.5,0.0,0.0
2024-03-22,Fr,9918.2,3193.6,0.0,0.0
2024-03-23,Sa,10442.7,0.0,0.0,0.0
2024-03-24,So,12537.6,0.0,0.0,0.1
2024-03-25,Mo,5773.4,509.7,0.0,0.0
2024-03-26,Di,5609.3,926.9,0.0,0.0
2024-03-27,Mi,4074.2,0.0,0.0,0.0
2024-03-28,Do,8647.3,0.0,0.0,0.0
2024-03-29,Fr,26778.2,1555.3,0.4857142857142857,1.0
2024-03-30,Sa,15624.0,284.7,0.4857142857142857,0.0
2024-03-31,So,24421.6,1299.4,0.4857142857142857,1.0
2024-04-01,Mo,13236.15,0.0,0.4857142857142857,1.0
2024-04-02,Di,5509.7,64.1,0.4857142857142857,0.0
2024-04-03,Mi,5206.5,9.5,0.4857142857142857,0.0
2024-04-04,Do,6812.1,7.5,0.6285714285714287,0.0
2024-04-05,Fr,11358.3,3702.2,0.6285714285714287,0.0
2024-04-06,Sa,7388.3,12281.9,0.7142857142857143,0.0
2024-04-07,So,8195.3,7862.1,0.7142857142857143,0.0
2024-04-08,Mo,3041.0,4745.3,0.7142857142857143,0.0
2024-04-09,Di,5740.1,0.0,0.7142857142857143,0.0
2024-04-10,Mi,10145.0,0.0,0.7142857142857143,0.0
2024-04-11,Do,9262.6,3583.2,0.7142857142857143,0.0
2024-04-12,Fr,8276.3,9564.1,0.7142857142857143,0.0
2024-04-13,Sa,8200.4,12053.0,0.8571428571428571,0.75
2024-04-14,So,2104.2,22289.0,0.8571428571428571,0.75
2024-04-15,Mo,6701.7,0.0,0.34285714285714286,0.0
2024-04-16,Di,6397.2,0.0,0.34285714285714286,0.0
2024-04-17,Mi,5245.1,0.0,0.34285714285714286,0.0
2024-04-18,Do,5984.3,0.0,0.34285714285714286,0.0
2024-04-19,Fr,10494.3,0.0,0.34285714285714286,0.0
2024-04-20,Sa,14499.3,0.0,0.34285714285714286,0.0
2024-04-21,So,16232.2,0.0,0.34285714285714286,0.0
2024-04-22,Mo,5031.0,0.0,0.14285714285714285,0.0
2024-04-23,Di,7178.9,0.0,0.14285714285714285,0.0
2024-04-24,Mi,6169.9,0.0,0.14285714285714285,0.0
2024-04-25,Do,7551.6,0.0,0.14285714285714285,0.0
2024-04-26,Fr,9580.0,320.3,0.14285714285714285,0.0
2024-04-27,Sa,17342.3,4762.1,0.2857142857142857,0.0
2024-04-28,So,18598.0,1272.3,0.2857142857142857,0.0
2024-04-29,Mo,4812.0,3127.5,0.14285714285714285,0.0
2024-04-30,Di,4486.3,7472.0,0.14285714285714285,0.0
2024-05-01,Mi,8746.1,9649.2,0.14285714285714285,0.0
2024-05-02,Do,10320.8,687.9,0.14285714285714285,0.0
2024-05-03,Fr,9698.2,-98.4,0.14285714285714285,0.0
2024-05-04,Sa,13803.0,4218.9,0.14285714285714285,0.75
2024-05-05,So,9959.8,3563.8,0.14285714285714285,0.0
2024-05-06,Mo,5164.2,0.0,0.14285714285714285,0.0
2024-05-07,Di,8820.5,0.0,0.14285714285714285,0.0
2024-05-08,Mi,9129.7,130.0,0.14285714285714285,0.0
2024-05-09,Do,20066.4,2182.2,0.14285714285714285,1.0
2024-05-10,Fr,5007.2,15294.7,0.14285714285714285,1.0
2024-05-11,Sa,3237.6,22200.4,0.14285714285714285,0.0
2024-05-12,So,20072.1,16098.1,0.14285714285714285,1.0
2024-05-13,Mo,5271.6,2961.7,0.0,0.0
2024-05-14,Di,3742.7,7416.8,0.0,0.0
2024-05-15,Mi,5933.1,1439.7,0.0,0.0
2024-05-16,Do,5262.9,250.1,0.0,0.0
2024-05-17,Fr,12979.6,311.7,0.0,0.0
2024-05-18,Sa,10534.2,4257.2,0.0,0.0
2024-05-19,So,8700.1,11824.9,0.0,1.0
2024-05-20,Mo,1307.8,20917.3,0.0,1.0
2024-05-21,Di,6969.2,-844.6,0.0,0.0
2024-05-22,Mi,4267.1,202.4,0.0,0.0
2024-05-23,Do,6785.3,0.0,0.0,0.0
2024-05-24,Fr,10266.5,1039.0,0.0,0.0
2024-05-25,Sa,6007.9,7047.0,0.0,0.75
2024-05-26,So,6198.5,14989.6,0.0,0.75
2024-05-27,Mo,7839.5,639.2,0.0,0.0
2024-05-28,Di,3881.5,3865.0,0.0,0.0
2024-06-01,Sa,14425.4,911.1,0.0,0.0
2024-06-02,So,12356.9,181.3,0.0,0.0
2024-06-03,Mo,6298.5,18.0,0.0,0.0
2024-06-04,Di,2014.0,8327.8,0.0,0.0
2024-06-05,Mi,1451.1,13172.5,0.0,0.0
2024-06-06,Do,6077.0,4636.2,0.0,0.0
2024-06-07,Fr,4646.9,8370.2,0.0,0.0
2024-06-08,Sa,9776.8,4982.0,0.0,0.0
2024-06-09,So,10196.55,2335.4,0.0,0.0
2024-06-10,Mo,7736.3,1065.9,0.0,0.0
2024-06-11,Di,6579.8,0.0,0.0,0.0
2024-06-12,Mi,10081.95,4242.2,0.0,0.0
2024-06-13,Do,4907.4,7958.7,0.0,0.0
2024-06-14,Fr,11280.5,2543.0,0.0,0.0
2024-06-15,Sa,15285.0,669.0,0.0,0.0
2024-06-16,So,2107.1,17520.5,0.0,0.0
2024-06-17,Mo,186.9,7562.5,0.0,0.0
2024-06-18,Di,1066.7,15004.0,0.0,0.0
2024-06-19,Mi,4904.3,7924.8,0.0,0.0
2024-06-20,Do,8289.1,3012.2,0.0,0.0
2024-06-21,Fr,12444.3,194.0,0.0,0.0
2024-06-22,Sa,15575.0,78.4,0.0,0.0
2024-06-23,So,9737.48,1078.4,0.0,0.0
2024-06-24,Mo,1298.0,10443.95,0.0,0.0
2024-06-25,Di,9432.6,9202.4,0.0,0.0
2024-06-26,Mi,10122.9,2336.9,0.0,0.0
2024-06-27,Do,2345.1,17304.3,0.0,0.0
2024-07-01,Mo,9383.1,2211.0,0.028571428571428574,0.0
2024-07-02,Di,11235.7,1772.7,0.028571428571428574,0.0
2024-07-03,Mi,12751.8,743.9,0.028571428571428574,0.0
2024-07-04,Do,14048.0,4916.6,0.028571428571428574,0.0
2024-07-05,Fr,2250.1,19674.4,0.028571428571428574,0.0
2024-07-06,Sa,9116.9,4192.5,0.8571428571428571,0.0
2024-07-07,So,19953.8,1239.0,0.8571428571428571,0.0
2024-07-08,Mo,1598.1,16253.2,0.8571428571428571,0.0
2024-07-09,Di,3361.7,19674.0,0.8571428571428571,0.0
2024-07-10,Mi,3210.9,12324.75,0.8571428571428571,0.0
2024-07-11,Do,6962.6,10957.2,0.8571428571428571,0.0
2024-07-12,Fr,14071.1,2648.8,0.8571428571428571,0.0
2024-07-13,Sa,10395.6,8890.8,0.8571428571428571,0.0
2024-07-14,So,833.1,20252.6,0.8571428571428571,0.0
2024-07-15,Mo,7696.8,8752.15,0.8571428571428571,0.0
2024-07-16,Di,2680.5,14288.4,0.8571428571428571,0.0
2024-07-17,Mi,2359.7,20462.7,0.8571428571428571,0.0
2024-07-18,Do,3005.7,20987.4,0.8571428571428571,0.0
2024-07-19,Fr,3990.3,20866.0,0.8571428571428571,0.0
2024-07-20,Sa,3134.5,19492.3,1.0,0.0
2024-07-21,So,5109.2,13723.2,1.0,0.0
2024-07-22,Mo,4026.7,8653.5,1.0,0.0
2024-07-23,Di,2030.7,17505.1,1.0,0.0
2024-07-24,Mi,1531.2,18435.1,1.0,0.0
2024-07-25,Do,3191.1,19331.24,1.0,0.0
2024-07-26,Fr,3633.0,19618.6,1.0,0.0
2024-07-27,Sa,3102.6,18794.0,1.0,0.0
2024-07-28,So,8696.5,12101.3,1.0,0.0
2024-07-29,Mo,1402.0,17117.7,1.0,0.0
2024-08-01,Do,4276.5,18084.8,1.0,1.0
2024-08-02,Fr,5385.7,9064.0,1.0,0.0
2024-08-03,Sa,2333.0,19821.2,1.0,0.0
2024-08-04,So,928.5,22467.9,1.0,0.0
2024-08-05,Mo,2334.3,15260.3,1.0,0.0
2024-08-06,Di,1932.9,16923.1,1.0,0.0
2024-08-07,Mi,4101.2,10825.3,1.0,0.0
2024-08-08,Do,2281.2,17322.8,1.0,0.0
2024-08-09,Fr,2437.1,21152.5,1.0,0.0
2024-08-10,Sa,4009.5,24650.22,1.0,0.0
2024-08-11,So,1851.3,20880.4,1.0,0.0
2024-08-12,Mo,9165.9,5655.3,0.6285714285714287,0.0
2024-08-13,Di,3920.8,14900.6,0.6285714285714287,0.0
2024-08-14,Mi,5997.1,11974.3,0.6285714285714287,0.0
2024-08-15,Do,433.3,20973.7,0.6285714285714287,0.0
2024-08-16,Fr,730.4,18509.6,0.6285714285714287,0.0
2024-08-17,Sa,8588.0,3329.4,0.6285714285714287,0.0
2024-08-18,So,14591.4,673.8,0.6285714285714287,0.0
2024-08-19,Mo,2810.0,7154.7,0.05714285714285715,0.0
2024-08-20,Di,138.0,14049.8,0.05714285714285715,0.0
2024-08-21,Mi,1967.0,7134.3,0.05714285714285715,0.0
2024-08-22,Do,761.3,15146.7,0.05714285714285715,0.0
2024-08-23,Fr,3795.5,18010.7,0.05714285714285715,0.0
2024-08-24,Sa,3095.0,20723.8,0.05714285714285715,0.0
2024-08-25,So,17048.2,717.7,0.05714285714285715,0.0
2024-08-26,Mo,7330.82,1679.6,0.0,0.0
2024-08-27,Di,2047.7,12695.0,0.0,0.0
2024-08-28,Mi,1025.3,16435.6,0.0,0.5
2024-09-01,So,7550.8,11727.3,0.0,0.0
2024-09-02,Mo,375.7,12882.0,0.0,0.0
2024-09-03,Di,937.6,9261.3,0.0,0.0
2024-09-04,Mi,384.9,9925.45,0.0,0.0
2024-09-05,Do,5100.87,1978.8,0.0,0.0
2024-09-06,Fr,3621.8,13344.8,0.0,0.0
2024-09-07,Sa,3709.5,20271.4,0.0,0.0
2024-09-08,So,15033.0,938.5,0.0,0.0
2024-09-09,Mo,7740.6,0.0,0.0,0.0
2024-09-10,Di,9548.6,516.2,0.0,0.0
2024-09-11,Mi,8274.1,-985.0,0.0,0.0
2024-09-12,Do,7879.0,-713.3,0.0,0.0
2024-09-13,Fr,15503.4,10.9,0.0,0.0
2024-09-14,Sa,12347.0,0.0,0.0,0.0
2024-09-15,So,12810.6,2170.6,0.0,0.0
2024-09-16,Mo,6280.3,0.0,0.0,0.0
2024-09-17,Di,8554.3,140.0,0.0,0.0
2024-09-18,Mi,6398.5,762.0,0.0,0.0
2024-09-19,Do,7913.9,707.1,0.0,0.0
2024-09-20,Fr,5942.9,5613.0,0.0,0.0
2024-09-21,Sa,10984.7,10029.2,0.05714285714285715,0.0
2024-09-22,So,8877.6,8300.3,0.05714285714285715,0.0
2024-09-23,Mo,6269.6,126.1,0.05714285714285715,0.0
2024-09-24,Di,10663.6,579.7,0.05714285714285715,0.0
2024-09-25,Mi,5078.8,2056.0,0.05714285714285715,0.0
2024-09-26,Do,8066.7,0.0,0.05714285714285715,0.0
2024-09-27,Fr,11592.0,17.0,0.05714285714285715,0.0
2024-09-28,Sa,12788.4,0.0,0.7428571428571429,0.0
2024-09-29,Mo,7249.0,711.9,0.7428571428571429,0.0
2024-10-01,Di,7579.1,0.0,0.7428571428571429,0.0
2024-10-02,Mi,7401.9,15.3,0.7428571428571429,0.0
2024-10-03,Do,8008.9,0.0,0.7428571428571429,0.0
2024-10-04,Fr,13702.0,0.0,0.7428571428571429,0.0
2024-10-05,Sa,16558.4,0.0,1.0,0.0
2024-10-06,So,14575.0,514.8,1.0,0.0
2024-10-07,Mo,6048.1,1737.8,1.0,0.0
2024-10-08,Di,8475.8,0.0,1.0,0.0
2024-10-09,Mi,10914.5,1418.7,1.0,0.0
2024-10-10,Do,12029.7,15.0,1.0,0.0
2024-10-11,Fr,12329.7,563.7,1.0,0.0
2024-10-12,Sa,17698.2,159.8,1.0,0.0
2024-10-13,So,16764.5,141.8,1.0,0.0
2024-10-14,Mo,6732.7,293.6,0.2571428571428572,0.0
2024-10-15,Di,7058.4,0.0,0.2571428571428572,0.0
2024-10-16,Mi,3877.6,113.9,0.2571428571428572,0.0
2024-10-17,Do,4452.4,220.0,0.2571428571428572,0.0
2024-10-18,Fr,12204.5,0.0,0.2571428571428572,0.0
2024-10-19,Sa,12971.4,38.0,0.2571428571428572,0.0
2024-10-20,So,12676.2,1846.3,0.2571428571428572,0.0
2024-10-21,Mo,4724.4,2247.3,0.028571428571428574,0.0
2024-10-22,Di,5794.5,347.0,0.028571428571428574,0.0
2024-10-23,Mi,6332.8,0.0,0.028571428571428574,0.0
2024-10-24,Do,4057.6,58.3,0.028571428571428574,0.0
2024-10-25,Fr,9961.9,5.3,0.028571428571428574,0.0
2024-10-26,Sa,14253.7,102.0,0.028571428571428574,0.0
2024-10-27,So,8541.0,3172.8,0.028571428571428574,0.0
2024-10-28,Mo,5580.5,1566.1,0.0,0.0
2024-11-01,Fr,10031.5,955.1,0.0,0.0
2024-11-02,Sa,15423.8,0.0,0.0,0.0
2024-11-03,So,9494.2,0.0,0.0,0.0
2024-11-04,Mo,3354.0,0.0,0.0,0.0
2024-11-05,Di,5396.5,305.8,0.0,0.0
2024-11-06,Mi,4926.5,46.8,0.0,0.0
2024-11-07,Do,5935.7,0.0,0.0,0.0
2024-11-08,Fr,8984.3,196.9,0.0,0.0
2024-11-09,Sa,14831.5,0.0,0.0,0.0
2024-11-10,So,12205.6,0.0,0.0,0.0
2024-11-11,Mo,4727.0,134.6,0.0,0.0
2024-11-12,Di,5425.9,0.0,0.0,0.0
2024-11-13,Mi,6240.4,0.0,0.0,0.0
2024-11-14,Do,7882.4,0.0,0.0,0.0
2024-11-15,Fr,11911.95,0.0,0.0,0.0
2024-11-16,Sa,17537.7,168.9,0.0,0.0
2024-11-17,So,10511.0,0.0,0.0,0.0
2024-11-18,Mo,4899.9,0.0,0.0,0.0
2024-11-19,Di,5645.2,0.0,0.0,0.0
2024-11-20,Mi,6501.2,0.0,0.0,0.0
2024-11-21,Do,4782.8,0.0,0.0,0.0
2024-11-22,Fr,12069.9,0.0,0.0,0.0
2024-11-23,Sa,9774.3,0.0,0.0,0.0
2024-11-24,So,7950.9,0.0,0.0,0.0
2024-11-25,Mo,6494.8,0.0,0.0,0.0
2024-11-26,Di,5739.1,0.0,0.0,0.0
2024-11-27,Mi,4978.5,0.0,0.0,0.0
2024-12-01,So,9802.5,0.0,0.0,0.0
2024-12-02,Mo,5518.7,0.0,0.0,0.0
2024-12-03,Di,5851.9,0.0,0.0,0.0
2024-12-04,Mi,6787.2,0.0,0.0,0.0
2024-12-05,Do,5540.5,0.0,0.0,0.0
2024-12-06,Fr,8414.0,0.0,0.0,0.0
2024-12-07,Sa,10713.25,0.0,0.0,0.0
2024-12-08,So,9763.2,0.0,0.0,0.0
2024-12-09,Mo,4532.5,0.0,0.0,0.0
2024-12-10,Di,5669.2,0.0,0.0,0.0
2024-12-11,Mi,6465.2,0.0,0.0,0.0
2024-12-12,Do,8850.1,0.0,0.0,0.0
2024-12-13,Fr,14784.4,18.0,0.0,0.0
2024-12-14,Sa,10433.6,0.0,0.0,0.0
2024-12-15,So,10683.6,0.0,0.0,0.0
2024-12-16,Mo,6784.6,0.0,0.0,0.0
2024-12-17,Di,8529.4,39.9,0.0,0.0
2024-12-18,Mi,5996.0,0.0,0.0,0.0
2024-12-19,Do,7630.1,0.0,0.0,0.0
2024-12-20,Fr,6513.8,0.0,0.0,0.0
2024-12-21,Sa,11141.1,0.0,1.0,0.0
2024-12-22,So,11412.1,0.0,1.0,0.0
2024-12-23,Mo,10496.9,0.0,1.0,0.0
2024-12-24,Di,8.6,0.0,1.0,1.0
2024-12-25,Mi,16538.5,0.0,1.0,1.0
2024-12-26,Do,16494.8,0.0,1.0,1.0
2024-12-27,Fr,7977.8,0.0,1.0,0.0
2024-12-28,Sa,8812.4,0.0,1.0,0.0
2024-12-29,So,8640.8,0.0,1.0,0.0
2024-12-30,Mo,8225.5,0.0,1.0,0.0
2024-12-31,Di,45857.5,174.7,1.0,1.0
2025-01-01,Mi,8678.4,366.0,1.0,1.0
2025-01-02,Do,7072.0,0.0,1.0,0.0
2025-01-03,Fr,5737.6,0.0,1.0,0.0
2025-01-04,Sa,12210.0,0.0,1.0,0.0
2025-01-05,So,5389.9,0.0,1.0,0.0
2025-01-06,Mo,5189.4,0.0,0.0,0.0
2025-01-07,Di,3482.0,0.0,0.0,0.0
2025-01-08,Mi,3186.7,0.0,0.0,0.0
2025-01-09,Do,5361.6,0.0,0.0,0.0
2025-01-10,Fr,7683.8,0.0,0.0,0.0
2025-01-11,Sa,10294.0,48.3,0.0,0.0
2025-01-12,So,10291.8,195.1,0.0,0.0
2025-01-13,Mo,3503.1,0.0,0.0,0.0
2025-01-14,Di,4733.0,0.0,0.0,0.0
2025-01-15,Mi,4421.1,0.0,0.0,0.0
2025-01-16,Do,5663.0,0.0,0.0,0.0
2025-01-17,Fr,8229.0,0.0,0.0,0.0
2025-01-18,Sa,10307.7,0.0,0.0,0.0
2025-01-19,So,7956.3,0.0,0.0,0.0
2025-01-20,Mo,6007.4,0.0,0.0,0.0
2025-01-21,Di,5744.95,0.0,0.0,0.0
2025-01-22,Mi,6388.2,0.0,0.0,0.0
2025-01-23,Do,4353.6,0.0,0.0,0.0
2025-01-24,Fr,9150.9,5.2,0.0,0.0
2025-01-25,Sa,10929.9,892.1,0.0,0.0
2025-01-26,So,12478.0,1599.2,0.0,0.0
2025-01-27,Mo,4108.8,0.0,0.0,0.0
2025-02-01,Sa,15286.3,0.0,0.14285714285714285,0.0
2025-02-02,So,8277.1,0.0,0.14285714285714285,0.0
2025-02-03,Mo,3634.3,0.0,0.14285714285714285,0.0
2025-02-04,Di,4572.2,0.0,0.14285714285714285,0.0
2025-02-05,Mi,4537.0,0.0,0.14285714285714285,0.0
2025-02-06,Do,5320.9,0.0,0.14285714285714285,0.0
2025-02-07,Fr,8669.1,0.0,0.14285714285714285,0.0
2025-02-08,Sa,11973.0,843.0,0.14285714285714285,0.0
2025-02-09,So,10669.1,1862.4,0.14285714285714285,0.0
2025-02-10,Mo,3735.5,0.0,0.14285714285714285,0.0
2025-02-11,Di,5461.5,0.0,0.14285714285714285,0.0
2025-02-12,Mi,8047.0,0.0,0.14285714285714285,0.0
2025-02-13,Do,6676.6,0.0,0.14285714285714285,0.0
2025-02-14,Fr,15846.7,0.0,0.14285714285714285,1.0
2025-02-15,Sa,14133.9,0.0,0.14285714285714285,0.0
2025-02-16,So,13805.1,0.0,0.14285714285714285,0.0
2025-02-17,Mo,5751.2,0.0,0.0,0.0
2025-02-18,Di,8241.1,0.0,0.0,0.0
2025-02-19,Mi,4999.9,0.0,0.0,0.0
2025-02-20,Do,4987.4,0.0,0.0,0.0
2025-02-21,Fr,10549.2,225.5,0.0,0.0
2025-02-22,Sa,12771.9,255.6,0.5428571428571428,0.0
2025-02-23,So,11932.2,0.0,0.5428571428571428,0.0
2025-02-24,Mo,7168.7,0.0,0.5428571428571428,0.0
2025-03-01,Sa,15765.3,0.0,0.5714285714285714,0.0
2025-03-02,So,12145.4,299.1,0.5714285714285714,0.0
2025-03-03,Mo,7034.5,1013.4,0.42857142857142855,0.0
2025-03-04,Di,9266.3,1557.3,0.42857142857142855,0.0
2025-03-05,Mi,10047.9,2459.8,0.42857142857142855,0.0
2025-03-06,Do,8079.1,2717.2,0.42857142857142855,0.0
2025-03-07,Fr,14695.0,4385.8,0.42857142857142855,0.0
2025-03-08,Sa,15635.8,10155.8,0.42857142857142855,0.0
2025-03-09,So,15005.6,6343.7,0.42857142857142855,0.0
2025-03-10,Mo,5933.7,71.7,0.0,0.0
2025-03-11,Di,4132.7,299.1,0.0,0.0
2025-03-12,Mi,5647.5,0.0,0.0,0.0
2025-03-13,Do,7114.3,0.0,0.0,0.0
2025-03-14,Fr,9456.3,0.0,0.0,0.0
2025-03-15,Sa,9893.4,0.0,0.0,0.0
2025-03-16,So,13303.8,0.0,0.0,0.0
2025-03-17,Mo,5292.1,28.6,0.0,0.0
2025-03-18,Di,4930.9,771.8,0.0,0.0
2025-03-19,Mi,6317.5,2736.4,0.0,0.0
2025-03-20,Do,7879.1,1694.5,0.0,0.0
2025-03-21,Fr,9714.5,559.1,0.0,0.0
2025-03-22,Sa,14912.3,5260.6,0.0,0.0
2025-03-23,So,13138.0,1462.7,0.0,0.0
2025-03-24,Mo,4868.1,244.2,0.0,0.0
2025-03-25,Di,7446.3,0.0,0.0,0.0
2025-03-26,Mi,6297.2,0.0,0.0,0.0
2025-03-27,Do,6439.3,5.2,0.0,0.0
2025-03-28,Fr,10134.0,0.0,0.0,0.0
2025-03-29,Sa,15940.8,0.0,0.0,0.0
2025-03-30,So,19089.7,2750.3,0.0,0.0
2025-03-31,Mo,6774.6,87.3,0.0,0.0
2025-04-01,Di,7760.9,131.6,0.0,0.0
2025-04-02,Mi,8985.7,1567.9,0.0,0.0
2025-04-03,Do,5506.0,3353.6,0.0,0.0
2025-04-04,Fr,8572.0,8225.9,0.0,0.0
2025-04-05,Sa,12146.5,10292.7,0.2857142857142857,0.0
2025-04-06,So,17831.0,4154.0,0.2857142857142857,0.0
2025-04-07,Mo,6745.5,2198.6,0.2857142857142857,0.0
2025-04-08,Di,10587.5,1428.8,0.2857142857142857,0.0
2025-04-09,Mi,8274.5,3172.6,0.2857142857142857,0.0
2025-04-10,Do,6796.1,4546.9,0.2857142857142857,0.0
2025-04-11,Fr,9626.0,9143.5,0.2857142857142857,0.0
2025-04-12,Sa,11882.9,9312.3,0.42857142857142855,0.0
2025-04-13,So,14012.2,1335.1,0.42857142857142855,0.1
2025-04-14,Mo,7694.6,1470.4,0.42857142857142855,0.0
2025-04-15,Di,7273.15,892.0,0.42857142857142855,0.0
2025-04-16,Mi,10737.1,0.0,0.42857142857142855,0.0
2025-04-17,Do,10022.1,0.0,0.42857142857142855,0.0
2025-04-18,Fr,23608.3,0.0,0.8571428571428571,1.0
2025-04-19,Sa,16831.9,7114.1,0.8571428571428571,0.0
2025-04-20,So,27465.2,412.1,0.8571428571428571,1.0
2025-04-21,Mo,18547.6,938.6,0.8571428571428571,1.0
2025-04-22,Di,7632.9,3849.1,0.5714285714285714,0.0
2025-04-23,Mi,4021.0,2238.9,0.5714285714285714,0.0
2025-04-24,Do,6528.3,0.0,0.5714285714285714,0.0
2025-04-25,Fr,10929.6,50.0,0.5714285714285714,0.0
2025-04-26,Sa,14417.4,2039.3,0.7142857142857143,0.75
2025-04-27,So,8553.7,2734.0,0.7142857142857143,0.75
2025-04-28,Mo,3230.0,8118.7,0.5714285714285714,0.0
2025-05-01,Do,2997.4,20779.8,0.5714285714285714,0.0
2025-05-02,Fr,2298.6,19572.2,0.5714285714285714,0.0
2025-05-03,Sa,14611.6,2781.8,0.5714285714285714,0.0
2025-05-04,So,16509.5,338.8,0.5714285714285714,0.0
2025-05-05,Mo,11092.7,0.0,0.14285714285714285,0.0
2025-05-06,Di,8891.3,0.0,0.14285714285714285,0.0
2025-05-07,Mi,7167.3,0.0,0.14285714285714285,0.0
2025-05-08,Do,8058.5,20.4,0.14285714285714285,0.0
2025-05-09,Fr,14726.3,104.2,0.14285714285714285,0.0
2025-05-10,Sa,10834.9,10889.4,0.14285714285714285,0.75
2025-05-11,So,15532.1,24644.0,0.14285714285714285,1.0
2025-05-12,Mo,8908.5,1192.8,0.0,0.0
2025-05-13,Di,6282.5,1667.7,0.0,0.0
2025-05-14,Mi,1787.0,13809.7,0.0,0.0
2025-05-15,Do,4953.2,7809.3,0.0,0.0
2025-05-16,Fr,10111.3,4688.4,0.0,0.0
2025-05-17,Sa,8599.1,9206.7,0.0,0.0
2025-05-18,So,9432.6,13165.4,0.0,0.0
2025-05-19,Mo,2766.8,7623.5,0.0,0.0
2025-05-20,Di,11783.2,923.8,0.0,0.0
2025-05-21,Mi,10648.4,85.4,0.0,0.0
2025-05-22,Do,5039.5,0.0,0.0,0.0
2025-05-23,Fr,13552.2,267.3,0.0,0.0
2025-05-24,Sa,12453.3,4113.5,0.0,0.0
2025-05-25,So,11087.9,622.9,0.0,0.0
2025-05-26,Mo,8769.0,0.0,0.0,0.0
2025-05-27,Di,7681.8,1607.1,0.0,0.0
2025-06-01,So,6929.4,13516.8,0.0,0.0
2025-06-02,Mo,5109.7,847.7,0.0,0.0
2025-06-03,Di,6609.3,4748.4,0.0,0.0
2025-06-04,Mi,8903.3,1687.5,0.0,0.0
2025-06-05,Do,7888.6,220.7,0.0,0.0
2025-06-06,Fr,15366.5,1853.1,0.0,0.0
2025-06-07,Sa,15367.6,228.8,0.0,0.0
2025-06-08,So,23519.3,1172.7,0.0,1.0
2025-06-09,Mo,2239.2,20808.5,0.0,1.0
2025-06-10,Di,2028.5,10280.4,0.0,0.0
2025-06-11,Mi,830.2,15932.6,0.0,0.0
2025-06-12,Do,563.0,15842.35,0.0,0.0
2025-06-13,Fr,2624.2,19542.6,0.0,0.0
2025-06-14,Sa,4915.8,23701.9,0.0,0.75
2025-06-15,So,4595.6,13540.5,0.0,0.75
2025-06-16,Mo,1485.6,7548.5,0.0,0.0
2025-06-17,Di,1169.1,14673.4,0.0,0.0
2025-06-18,Mi,1689.1,16501.1,0.0,0.0
2025-06-19,Do,712.8,16200.1,0.0,0.5
2025-06-20,Fr,1744.3,15254.3,0.0,0.0
2025-06-21,Sa,3184.1,17792.7,0.0,0.0
2025-06-22,So,1357.4,22417.5,0.0,0.0
2025-06-23,Mo,5787.5,5890.5,0.0,0.0
2025-06-24,Di,1623.3,15600.4,0.0,0.0
2025-06-25,Mi,1631.3,16741.2,0.0,0.0
2025-06-26,Do,5192.5,7228.9,0.0,0.0
2025-07-01,Di,770.4,16725.7,0.028571428571428574,0.0
2025-07-02,Mi,2722.8,15396.65,0.028571428571428574,0.0
2025-07-03,Do,1660.8,15906.5,0.028571428571428574,0.0
2025-07-04,Fr,3262.7,20002.8,0.028571428571428574,0.0
2025-07-05,Sa,2643.7,20168.4,0.8571428571428571,0.0
2025-07-06,So,11649.4,8194.7,0.8571428571428571,0.0
2025-07-07,Mo,11174.4,329.0,0.8571428571428571,0.0
2025-07-08,Di,13442.6,233.9,0.8571428571428571,0.0
2025-07-09,Mi,4839.8,17539.2,0.8571428571428571,0.0
2025-07-10,Do,1514.1,19937.1,0.8571428571428571,0.0
2025-07-11,Fr,2748.6,19946.2,0.8571428571428571,0.0
2025-07-12,Sa,2249.1,23859.25,0.8571428571428571,0.0
2025-07-13,So,65.3,23668.8,0.8571428571428571,0.0
2025-07-14,Mo,2377.4,10946.3,0.8571428571428571,0.0
2025-07-15,Di,1343.8,12846.35,0.8571428571428571,0.0
2025-07-16,Mi,14852.2,2560.7,0.8571428571428571,0.0
2025-07-17,Do,2542.6,15594.2,0.8571428571428571,0.0
2025-07-18,Fr,2765.6,21995.3,0.8571428571428571,0.0
2025-07-19,Sa,10422.5,11827.7,1.0,0.0
2025-07-20,So,7907.1,15395.7,1.0,0.0
2025-07-21,Mo,8408.1,3150.4,1.0,0.0
2025-07-22,Di,9088.4,9935.6,1.0,0.0
2025-07-23,Mi,1309.1,18597.5,1.0,0.0
2025-07-24,Do,11031.8,98.2,1.0,0.0
2025-07-25,Fr,8839.8,5497.1,1.0,0.0
2025-07-26,Sa,12300.19,1505.3,1.0,0.0
2025-07-27,So,14066.4,1555.1,1.0,0.0
2025-07-28,Mo,11987.0,0.0,1.0,0.0
2025-08-01,Fr,16792.9,4573.4,1.0,1.0
2025-08-02,Sa,14403.5,128.7,1.0,0.0
2025-08-03,So,10387.9,3798.2,1.0,0.0
2025-08-04,Mo,2764.7,12383.4,1.0,0.0
2025-08-05,Di,1406.5,12667.6,1.0,0.0
2025-08-06,Mi,3164.8,17372.9,1.0,0.0
2025-08-07,Do,3536.6,18578.5,1.0,0.0
2025-08-08,Fr,2253.9,19598.9,1.0,0.0
2025-08-09,Sa,3462.6,20395.1,1.0,0.0
2025-08-10,So,2829.5,22864.1,1.0,0.0
2025-08-11,Mo,378.8,16104.3,0.6285714285714287,0.0
2025-08-12,Di,1865.2,18965.4,0.6285714285714287,0.0
2025-08-13,Mi,1595.9,16658.0,0.6285714285714287,0.0
2025-08-14,Do,3918.7,17529.9,0.6285714285714287,0.0
2025-08-15,Fr,3955.0,19378.4,0.6285714285714287,0.5
2025-08-16,Sa,4290.7,15500.6,0.6285714285714287,0.0
2025-08-17,So,1199.8,21730.0,0.6285714285714287,0.0
2025-08-18,Mo,462.2,10490.0,0.0,0.0
2025-08-19,Di,2692.4,13642.0,0.0,0.0
2025-08-20,Mi,6608.3,2722.4,0.0,0.0
2025-08-21,Do,11148.7,9.4,0.0,0.0
2025-08-22,Fr,12391.1,6259.3,0.0,0.0
2025-08-23,Sa,12479.1,7178.6,0.0,0.0
2025-08-24,So,923.2,18879.1,0.0,0.75
2025-08-25,Mo,291.8,11558.2,0.0,0.0
2025-08-26,Di,283.9,17377.5,0.0,0.0
2025-08-27,Mi,5007.9,10369.9,0.0,0.0
2025-09-01,Mo,8458.2,151.9,0.0,0.0
2025-09-02,Di,9633.2,1145.1,0.0,0.0
2025-09-03,Mi,2756.0,8815.8,0.0,0.0
2025-09-04,Do,6228.0,1284.7,0.0,0.0
2025-09-05,Fr,14377.4,1171.7,0.0,0.0
2025-09-06,Sa,8039.6,15203.6,0.0,0.0
2025-09-07,So,-281.5,21954.7,0.0,0.0
2025-09-08,Mo,7398.1,573.3,0.0,0.0
2025-09-09,Di,9616.1,837.4,0.0,0.0
2025-09-10,Mi,8406.1,570.0,0.0,0.0
2025-09-11,Do,10213.2,530.2,0.0,0.0
2025-09-12,Fr,13351.1,258.6,0.0,0.0
2025-09-13,Sa,14199.4,1365.0,0.0,0.0
2025-09-14,So,13279.1,3005.7,0.0,0.0
2025-09-15,Mo,5301.5,4150.1,0.0,0.0
2025-09-16,Di,5808.1,396.1,0.0,0.0
2025-09-17,Mi,5276.1,2335.9,0.0,0.0
2025-09-18,Do,4022.2,11648.8,0.0,0.0
2025-09-19,Fr,4524.4,16995.3,0.0,0.0
2025-09-20,Sa,4534.2,20059.3,0.05714285714285715,0.0
2025-09-21,So,9279.3,10339.2,0.05714285714285715,0.0
2025-09-22,Mo,7481.0,10.6,0.05714285714285715,0.0
2025-09-23,Di,7277.5,0.0,0.05714285714285715,0.0
2025-09-24,Mi,10004.2,0.0,0.05714285714285715,0.0
2025-09-25,Do,7014.09,9.4,0.05714285714285715,0.0
2025-09-26,Fr,12759.5,78.9,0.05714285714285715,0.0
2025-09-27,Sa,13048.4,68.3,0.7428571428571429,0.0
2025-09-28,Mo,5992.4,649.6,0.7428571428571429,0.0
2025-10-01,Mi,7068.5,252.7,0.7428571428571429,0.0
2025-10-02,Do,8741.6,371.3,0.7428571428571429,0.0
2025-10-03,Fr,10687.1,0.0,0.7428571428571429,0.0
2025-10-04,Sa,15752.9,1040.9,0.9142857142857144,0.0
2025-10-05,So,12585.5,0.0,1.0,0.0
2025-10-06,Mo,4742.2,0.0,1.0,0.0
2025-10-07,Di,6453.3,2336.0,1.0,0.0
2025-10-08,Mi,5794.35,293.1,1.0,0.0
2025-10-09,Do,7270.3,0.0,1.0,0.0
2025-10-10,Fr,10413.1,140.4,1.0,0.0
2025-10-11,Sa,15014.6,0.0,1.0,0.0
2025-10-12,So,13141.4,9.5,1.0,0.0
2025-10-13,Mo,8249.3,0.0,0.2571428571428572,0.0
2025-10-14,Di,10259.3,0.0,0.2571428571428572,0.0
2025-10-15,Mi,6291.5,0.0,0.2571428571428572,0.0
2025-10-16,Do,6873.1,6.0,0.2571428571428572,0.0
2025-10-17,Fr,11741.0,0.0,0.2571428571428572,0.0
2025-10-18,Sa,18994.1,372.4,0.2571428571428572,0.0
2025-10-19,So,14254.8,960.3,0.2571428571428572,0.0
2025-10-20,Mo,6899.3,5.8,0.028571428571428574,0.0
2025-10-21,Di,6279.2,0.0,0.028571428571428574,0.0
2025-10-22,Mi,8600.3,59.3,0.028571428571428574,0.0
2025-10-23,Do,4245.9,0.0,0.028571428571428574,0.0
2025-10-24,Fr,11271.8,0.0,0.028571428571428574,0.0
2025-10-25,Sa,13841.8,0.0,0.028571428571428574,0.0
2025-10-26,So,12114.3,0.0,0.028571428571428574,0.0
2025-10-27,Mo,3649.8,0.0,0.0,0.0
2025-11-01,Sa,14640.5,0.0,,
2025-11-02,So,10665.2,0.0,,
2025-11-03,Mo,9231.8,281.6,,
2025-11-04,Di,8534.02,383.1,,
2025-11-05,Mi,8201.2,463.9,,
2025-11-06,Do,7172.5,230.8,,
2025-11-07,Fr,13396.9,36.0,,
2025-11-08,Sa,14867.6,0.0,,
2025-11-09,So,10922.0,68.4,,
2025-11-10,Mo,3624.65,0.0,,
2025-11-11,Di,5725.4,428.9,,
2025-11-12,Mi,6279.9,362.6,,
2025-11-13,Do,6735.1,307.4,,
2025-11-14,Fr,12458.5,80.0,,
2025-11-15,Sa,15362.0,1909.4,,
2025-11-16,So,11721.3,0.0,,
