station_abbr;reference_timestamp;tre200d0;tre200dx;tre200dn;tre005d0;tre005dx;tre005dn;ure200d0;pva200d0;prestad0;pp0qffd0;ppz850d0;ppz700d0;pp0qnhd0;fkl010d0;fkl010d1;fu3010d0;fu3010d1;fkl010d3;fu3010d3;wcc006d0;rre150d0;rka150d0;htoautd0;gre000d0;oli000d0;olo000d0;osr000d0;ods000d0;sre000d0;sremaxdv;erefaod0;xcd000d0;dkl010d0;xno000d0;xno012d0;rreetsd0;tso005d0;tso010d0;tso020d0
LUZ;01.01.2025 00:00;-1.2;3.7;-3.5;-1.9;7.7;-6.3;91.6;5.1;972.3;1029.1;;;1026.4;0.9;3.5;3.2;12.6;3.3;11.9;0;0;0;0;68;258;;;;268;68;0.1;0;217;21.2;13.2;-0.1;;;
LUZ;02.01.2025 00:00;2;8.8;-2.7;0.6;6.7;-6.2;86;6.1;962.9;1018.5;;;1016.6;1.7;14.5;6.1;52.2;14.3;51.5;0;20.8;20.5;0;31;300;;;;18;5;0.5;0;297;18;10;20.5;;;
LUZ;03.01.2025 00:00;0.5;1.3;-1;-0.6;2.1;-4.6;89;5.6;967.9;1024.1;;;1021.8;1.1;4.5;4;16.2;4.4;15.8;0;0;0.3;0;26;292;;;;3;1;0.3;0;354;19.5;11.5;0.3;;;
LUZ;04.01.2025 00:00;-1;0.2;-2.3;-1;5.1;-3.9;80.3;4.6;965;1021.3;;;1018.8;1;5.1;3.6;18.4;5.1;18.4;0;8.1;3.4;0;41;287;;;;54;14;0.2;0;329;21;13;3.3;;;
LUZ;05.01.2025 00:00;2.9;7.7;0;1.9;12.4;-1.9;93;7;953.5;1008.3;;;1006.8;0.8;2.9;2.9;10.4;2.8;10.1;0;0.1;4.8;0;48;303;;;;93;23;0.2;0;225;17.1;9.1;4.8;;;
LUZ;06.01.2025 00:00;5.7;9.9;0.9;3.6;12;-2.3;84;7.6;947.9;1001.8;;;1000.9;1.9;16.2;6.8;58.3;15.1;54.4;0;5.5;5.5;0;38;309;;;;45;11;0.5;0;263;14.3;6.3;5.5;;;
LUZ;07.01.2025 00:00;4.4;8.6;0;1.6;13.3;-3.3;76.4;6.3;954.8;1009.4;;;1008.1;2.1;17.6;7.6;63.4;16.4;59;0;1.2;0;0;45;276;;;;160;39;0.6;0;257;15.6;7.6;-0.1;;;
LUZ;08.01.2025 00:00;5.2;8.6;1.8;3.6;9.2;-0.4;90.4;8.1;953.1;1007.4;;;1006.3;1.1;5.3;4;19.1;5.2;18.7;0;3.5;3.2;0;24;319;;;;8;2;0.4;0;236;14.8;6.8;3.2;;;
LUZ;09.01.2025 00:00;6.9;13.3;2.1;5.1;16.2;-0.7;78.8;7.9;953.7;1007.8;;;1007;3.2;25.3;11.5;91.1;24.3;87.5;0;6.3;7.8;0;46;307;;;;101;24;1;0;264;13.1;5.1;7.7;;;
LUZ;10.01.2025 00:00;1.4;3;-0.2;-0.1;2.6;-3.3;79.6;5.4;965.4;1021.3;;;1019.3;0.9;5.7;3.2;20.5;5.4;19.4;0;2.4;2.2;0;20;295;;;;0;0;0.4;0;0;18.6;10.6;2.2;;;
LUZ;11.01.2025 00:00;0.4;1.7;-1.9;-1.2;7.4;-6.6;78.2;4.9;969.6;1025.9;;;1023.6;1.2;5.1;4.3;18.4;4.9;17.6;0;0;0.2;0;40;274;;;;75;18;0.3;0;319;19.6;11.6;0.1;;;
LUZ;12.01.2025 00:00;-1.2;1.2;-4.1;-2.8;7;-7.7;71.1;4;979.6;1036.9;;;1034.1;1.4;6;5;21.6;5.8;20.9;0;0;0;0;63;246;;;;224;53;0.3;0;355;21.2;13.2;-0.2;;;
LUZ;13.01.2025 00:00;-2;-0.5;-3.7;-2.7;2.1;-8.4;71.6;3.8;981.3;1038.8;;;1035.8;1.7;7;6.1;25.2;6.7;24.1;0;0;0;0;36;268;;;;72;17;0.4;0;347;22;14;-0.1;;;
LUZ;14.01.2025 00:00;-2.4;-1.3;-3.2;-2.8;0;-6.5;79.9;4.1;978.9;1036.4;;;1033.4;1.2;4.8;4.3;17.3;4.7;16.9;0;0;0;0;18;284;;;;0;0;0.4;0;330;22.4;14.4;0;;;
LUZ;15.01.2025 00:00;0.4;3.2;-2.7;0.4;9.9;-2.9;81.3;5.1;976.3;1033;;;1030.6;1.3;4.6;4.7;16.6;4.4;15.8;0;0;0;0;48;295;;;;104;24;0.3;0;354;19.6;11.6;-0.1;;;
LUZ;16.01.2025 00:00;2.1;3.4;1.1;1.5;7.7;0;76;5.4;977.9;1034.3;;;1032.2;1.1;5.2;4;18.7;5;18;0;0;0;0;31;306;;;;3;1;0.5;0;326;17.9;9.9;0;;;
LUZ;17.01.2025 00:00;1.3;2.4;0.2;1;4;-0.4;75.1;5.1;979;1035.6;;;1033.4;1.2;5.2;4.3;18.7;5.1;18.4;0;0;0;0;25;306;;;;0;0;0.5;0;360;18.7;10.7;0;;;
LUZ;18.01.2025 00:00;0;1.2;-0.7;0;3.4;-1.2;79.3;4.9;974.1;1030.7;;;1028.3;1.1;3.9;4;14;3.7;13.3;0;0;0;0;30;300;;;;0;0;0.4;0;346;20;12;0;;;
LUZ;19.01.2025 00:00;-0.8;0.6;-2.2;-1.8;3.3;-6.2;87.9;5.1;967.4;1023.8;;;1021.3;0.8;3.3;2.9;11.9;3.3;11.9;0;0;0;0;23;281;;;;0;0;0.3;0;333;20.8;12.8;0;;;
LUZ;20.01.2025 00:00;-0.6;2.5;-3;-0.6;8.8;-6.6;91.2;5.3;965.3;1021.6;;;1019.1;0.9;3.8;3.2;13.7;3.7;13.3;0;0;0;0;74;275;;;;218;50;0.2;0;22;20.6;12.6;-0.1;;;
LUZ;21.01.2025 00:00;0;1.6;-0.9;0.4;3.8;-1.8;94;5.7;963.5;1019.5;;;1017.2;0.8;3.2;2.9;11.5;3.1;11.2;0;0;0;0;31;309;;;;0;0;0.3;0;270;20;12;0;;;
LUZ;22.01.2025 00:00;0.5;3.7;-1.3;-0.4;5.5;-4.4;89;5.6;957;1012.6;;;1010.5;1;4.4;3.6;15.8;4.3;15.5;0;0;0;0;31;292;;;;4;1;0.4;0;342;19.5;11.5;0;;;
LUZ;23.01.2025 00:00;3.8;8.7;0.1;2.7;13.2;-3.5;87.5;7.1;958.3;1013.2;;;1011.8;1.4;8.7;5;31.3;8.5;30.6;0;5.2;5.2;0;56;301;;;;116;26;0.4;0;236;16.2;8.2;5.2;;;
LUZ;24.01.2025 00:00;4.5;9.6;0.4;2.7;17.6;-4;81.2;6.7;960.8;1015.8;;;1014.4;1.2;5.7;4.3;20.5;5.5;19.8;0;0;0;0;73;289;;;;183;41;0.5;0;217;15.5;7.5;-0.1;;;
LUZ;25.01.2025 00:00;7;15.2;1.7;4.8;23.1;-2.5;67.8;6.6;957.1;1011.3;;;1010.5;1.3;6;4.7;21.6;5.9;21.2;50;0.6;0;0;82;292;;;;313;69;0.8;0;270;13;5;-0.2;;;
LUZ;26.01.2025 00:00;7.1;10.3;4.1;6.1;16.2;0.2;64;6.4;957.5;1011.7;;;1011;2.7;20.7;9.7;74.5;20.2;72.7;0;0.5;0.6;0;94;293;;;;371;81;1;0;221;12.9;4.9;0.4;;;
LUZ;27.01.2025 00:00;6.7;9.8;4.6;5.9;14;2;84.7;8.3;950.6;1004.5;;;1003.8;2.1;12.4;7.6;44.6;12.2;43.9;0;41.6;27.2;0;36;331;;;;103;22;0.7;0;180;13.3;5.3;27.2;;;
LUZ;28.01.2025 00:00;5.3;7;3;3.8;7.8;-1.1;87.3;7.8;949.3;1003.4;;;1002.4;1.4;5.9;5;21.2;5.8;20.9;0;1.9;16.4;0;36;306;;;;33;7;0.5;0;171;14.7;6.7;16.4;;;
LUZ;29.01.2025 00:00;6;10.2;1;3.8;16.1;-4.2;69.5;6.3;957.2;1011.6;;;1010.7;2.1;14.2;7.6;51.1;13.8;49.7;0;0;0.4;0;95;270;;;;397;84;0.8;0;261;14;6;0.2;;;
LUZ;30.01.2025 00:00;4.7;9.2;0.3;3.2;15.3;-2.9;77.6;6.6;963.2;1018.2;;;1016.9;1.1;5;4;18;5;18;0;1;0.1;0;68;297;;;;46;10;0.5;0;342;15.3;7.3;0;;;
LUZ;31.01.2025 00:00;4.2;5.3;3.3;3.5;5.7;2.3;88.9;7.3;972;1027.6;;;1026.1;1.2;6.9;4.3;24.8;6.8;24.5;0;5.2;6.1;0;15;325;;;;0;0;0.5;0;326;15.8;7.8;6.1;;;
LUZ;01.02.2025 00:00;2.2;3.3;1.5;2;5.1;0.9;84.5;6.1;971.6;1027.6;;;1025.7;1.6;4.6;5.8;16.6;4.5;16.2;0;0;0;0;22;314;;;;0;0;0.5;0;339;17.8;9.8;0;;;
LUZ;02.02.2025 00:00;2.2;3;1.6;2.1;4.1;1.1;83.1;5.9;969;1024.9;;;1023;1.2;3.8;4.3;13.7;3.7;13.3;0;0;0;0;23;314;;;;0;0;0.5;0;9;17.8;9.8;0;;;
LUZ;03.02.2025 00:00;2.1;3;1.4;2.1;5.1;0.7;79.5;5.7;972.2;1028.3;;;1026.3;1.1;3.9;4;14;3.8;13.7;0;0;0;0;31;312;;;;0;0;0.5;0;45;17.9;9.9;0;;;
LUZ;04.02.2025 00:00;0.8;4;-2;0.1;10.2;-6.6;82;5.3;975.1;1031.7;;;1029.3;1.1;4.1;4;14.8;4.1;14.8;0;0;0;0;81;267;;;;223;45;0.4;0;288;19.2;11.2;-0.1;;;
LUZ;05.02.2025 00:00;-0.5;0.6;-2.2;-0.4;3.8;-6.7;90.4;5.3;981.5;1038.7;;;1036;1;4.6;3.6;16.6;4.5;16.2;0;0;0;0;40;301;;;;0;0;0.4;0;315;20.5;12.5;0;;;
LUZ;06.02.2025 00:00;0.7;1.7;-0.6;0.3;2.6;-0.9;78.9;5.1;978.4;1035.1;;;1032.8;1.1;4.2;4;15.1;4.1;14.8;0;0;0;0;19;306;;;;0;0;0.5;0;171;19.3;11.3;-0.1;;;
LUZ;07.02.2025 00:00;1.7;5.3;-1.2;0.7;11.2;-5.6;78.2;5.4;968.5;1024.5;;;1022.5;0.9;3.7;3.2;13.3;3.7;13.3;0;0;0;0;75;276;;;;201;40;0.5;0;301;18.3;10.3;-0.1;;;
LUZ;08.02.2025 00:00;1.4;7.1;-2;-0.6;11.7;-6;83;5.6;967;1022.9;;;1020.9;0.9;4.4;3.2;15.8;4.3;15.5;0;0;0;0;71;263;;;;186;36;0.6;0;360;18.6;10.6;-0.1;;;
LUZ;09.02.2025 00:00;3.4;8.1;0.3;2.1;14.2;-3.5;80.5;6.3;971.5;1027.3;;;1025.6;1.1;6;4;21.6;5.7;20.5;0;0;0;0;94;275;;;;330;64;0.6;0;297;16.6;8.6;-0.2;;;
LUZ;10.02.2025 00:00;3.6;6.9;-0.1;2.4;11.4;-4.3;83.6;6.6;968.6;1024.2;;;1022.6;0.8;4.5;2.9;16.2;4.3;15.5;0;0.3;0.1;0;52;303;;;;14;3;0.5;0;45;16.4;8.4;0.1;;;
LUZ;11.02.2025 00:00;6.2;8.9;3.7;5.2;10.7;0.7;88;8.3;966.3;1021.2;;;1020.2;0.7;3.4;2.5;12.2;3.4;12.2;0;0.7;0.9;0;46;326;;;;0;0;0.6;0;225;13.8;5.8;0.9;;;
LUZ;12.02.2025 00:00;7.3;10.7;4;6.2;14.4;0.1;87;8.8;964;1018.5;;;1017.7;1;5;3.6;18;4.8;17.3;0;1.5;1.4;0;68;319;;;;31;6;0.6;0;191;12.7;4.7;1.4;;;
LUZ;13.02.2025 00:00;5.2;8.9;1.8;4.2;8.1;0.8;89.7;8;962.9;1017.8;;;1016.6;1.6;13.3;5.8;47.9;12.7;45.7;0;23.1;15.9;0;19;325;;;;0;0;0.6;0;306;14.8;6.8;15.9;;;
LUZ;14.02.2025 00:00;-0.3;2.1;-1.6;-0.4;0.9;-1.7;83.3;5;967.6;1023.9;;;1021.5;1.8;6.1;6.5;22;6;21.6;0;1.8;9.1;3;22;298;;;;0;0;0.6;0;324;20.3;12.3;9.1;;;
LUZ;15.02.2025 00:00;-1.2;0.4;-2.8;-2.5;1.4;-7.7;76.6;4.3;965.8;1022.3;;;1019.6;1.4;5.4;5;19.4;5.2;18.7;0;0;0;3;68;266;;;;112;21;0.6;0;315;21.2;13.2;-0.1;;;
LUZ;16.02.2025 00:00;0.3;2.6;-2.3;-0.5;4.2;-4.8;81.3;5.1;962.2;1018.1;;;1015.9;1;4.3;3.6;15.5;4.1;14.8;0;0;0;1;64;290;;;;2;0;0.5;0;351;19.7;11.7;-0.1;;;
LUZ;17.02.2025 00:00;1.2;2.3;0.4;1.1;3.8;-0.1;78.2;5.2;965.2;1021;;;1019;1.6;5.1;5.8;18.4;4.8;17.3;0;0;0;0;35;308;;;;0;0;0.6;0;5;18.8;10.8;-0.1;;;
LUZ;18.02.2025 00:00;1.3;2.3;0.5;1.4;4.3;0;77.6;5.2;967.2;1023.2;;;1021.1;1.3;4.6;4.7;16.6;4.5;16.2;0;0;0;0;37;308;;;;0;0;0.6;0;354;18.7;10.7;-0.1;;;
LUZ;19.02.2025 00:00;2;6;-0.3;1.9;13.2;-3.3;78.6;5.5;969.2;1025.1;;;1023.2;1.4;5.1;5;18.4;4.9;17.6;0;0;0;0;100;283;;;;258;46;0.8;0;342;18;10;-0.2;;;
LUZ;20.02.2025 00:00;4.2;9.5;0.1;2;10.6;-4.3;84.3;6.9;972.6;1028.3;;;1026.7;0.8;2.8;2.9;10.1;2.7;9.7;0;0;0;0;57;294;;;;55;10;0.7;0;225;15.8;7.8;-0.1;;;
LUZ;21.02.2025 00:00;5.7;12.4;0.3;4.3;19.1;-3.7;81;7.3;969.8;1025;;;1023.8;0.8;4.4;2.9;15.8;4.2;15.1;0;0;0;0;132;276;;;;447;79;0.9;0;360;14.3;6.3;-0.3;;;
LUZ;22.02.2025 00:00;7.5;13.5;2.7;5.7;19.3;-1.3;78.6;8;968;1022.7;;;1021.9;0.9;5;3.2;18;4.9;17.6;0;0;0;0;97;300;;;;177;31;1;0;207;12.5;4.5;-0.2;;;
LUZ;23.02.2025 00:00;7.9;9.5;5.9;7.2;13.4;4.6;87.8;9.4;975.4;1030.5;;;1029.7;0.8;3.3;2.9;11.9;3.2;11.5;0;0.4;0.4;0;25;342;;;;0;0;0.6;0;333;12.1;4.1;0.4;;;
LUZ;24.02.2025 00:00;7.3;10.9;4.7;6.6;12.9;2.4;84.8;8.6;971.1;1026.1;;;1025.2;1.1;4.9;4;17.6;4.8;17.3;0;0;0;0;77;316;;;;15;3;0.9;0;198;12.7;4.7;-0.1;;;
LUZ;25.02.2025 00:00;7.9;10.9;5.1;6.2;14.9;0.5;78.4;8.4;961.8;1016.1;;;1015.4;1.5;11.1;5.4;40;10.3;37.1;0;0.1;0.1;0;56;312;;;;42;7;0.9;0;252;12.1;4.1;0;;;
LUZ;26.02.2025 00:00;5.5;7.6;1.4;3.5;6.9;-4;68.5;6.2;966.1;1021.1;;;1020;3.5;17.4;12.6;62.6;16.7;60.1;0;0.1;0.1;0;27;302;;;;0;0;1.1;0;247;14.5;6.5;0;;;
LUZ;27.02.2025 00:00;2.6;4.3;-0.4;0.8;5.4;-4.9;85.8;6.4;966.5;1022.1;;;1020.3;1.1;4.8;4;17.3;4.7;16.9;0;2.3;2.3;0;32;297;;;;0;0;0.5;0;180;17.4;9.4;2.2;;;
LUZ;28.02.2025 00:00;3.9;7.3;0.9;2.8;11.7;-2.8;73.2;5.8;968.6;1024.1;;;1022.6;1.2;5.8;4.3;20.9;5.6;20.2;0;0;0;0;75;297;;;;57;10;0.9;0;311;16.1;8.1;-0.2;;;
LUZ;01.03.2025 00:00;3.9;5.4;2.7;3.4;7;0.4;71.1;5.7;970.9;1026.5;;;1024.9;2.3;10.5;8.3;37.8;10;36;0;0;0;0;41;312;;;;0;0;1;0;341;16.1;8.1;-0.1;;;
LUZ;02.03.2025 00:00;2.5;5;-0.9;1.3;8;-6.3;76.7;5.6;974.3;1030.5;;;1028.6;1.3;6.8;4.7;24.5;6.7;24.1;0;0;0;0;55;288;;;;7;1;0.7;0;328;17.5;9.5;-0.1;;;
LUZ;03.03.2025 00:00;3.3;10.7;-2.4;2;19;-7.2;73.7;5.5;973;1028.9;;;1027.2;1.2;4.8;4.3;17.3;4.7;16.9;0;0;0;0;179;242;;;;560;92;1.3;0;225;16.7;8.7;-0.8;;;
LUZ;04.03.2025 00:00;4.8;13.2;-1.5;3.3;20.1;-6.7;68.4;5.7;971.3;1026.8;;;1025.4;1.2;4.6;4.3;16.6;4.5;16.2;0;0;0;0;180;247;;;;608;99;1.5;0;270;15.2;7.2;-1.1;;;
LUZ;05.03.2025 00:00;5.8;14.3;-0.8;3.9;21.2;-6.4;63.7;5.7;970.9;1026.2;;;1024.9;1.1;4.6;4;16.6;4.5;16.2;0;0;0;0;183;252;;;;614;99;1.5;0;225;14.2;6.2;-1.2;;;
LUZ;06.03.2025 00:00;7.2;15.8;-0.4;5.5;23.5;-5.5;60.3;5.9;967.9;1022.7;;;1021.8;1.1;4;4;14.4;3.9;14;0;0;0;0;180;262;;;;592;95;1.6;0;315;12.8;4.8;-1.3;;;
LUZ;07.03.2025 00:00;7.5;15.4;1.1;5.7;22.8;-4.4;59.3;5.9;964.7;1019.2;;;1018.5;1.2;4.9;4.3;17.6;4.8;17.3;0;0;0;0;180;264;;;;621;99;1.7;0;304;12.5;4.5;-1.5;;;
LUZ;08.03.2025 00:00;7.9;16.8;0.9;6;23.8;-5.5;58.5;5.9;958.6;1012.7;;;1012.1;1.1;4.2;4;15.1;4.1;14.8;0;0;0;0;188;264;;;;628;100;1.8;0;342;12.1;4.1;-1.6;;;
LUZ;09.03.2025 00:00;10.1;18.3;1.5;8.8;26.7;-3.9;51.8;5.9;950.5;1003.7;;;1003.6;2.1;11.2;7.6;40.3;10.7;38.5;290;0;0;0;184;286;;;;540;85;2.4;0;90;9.9;1.9;-1.7;;;
LUZ;10.03.2025 00:00;9.9;12.7;5.2;7.2;19.1;-0.5;65.6;7.9;949.5;1002.8;;;1002.7;1.7;10.6;6.1;38.2;10.4;37.4;0;0.3;0.3;0;77;311;;;;134;21;1.3;0;254;10.1;2.1;-0.2;;;
LUZ;11.03.2025 00:00;9.1;15.2;3.6;8;23;-0.4;70.6;8;949.1;1002.4;;;1002.1;1.1;5.3;4;19.1;5.2;18.7;0;0;0;0;152;296;;;;367;57;1.6;0;360;10.9;2.9;-0.8;;;
LUZ;12.03.2025 00:00;7.2;8.7;6;6;12.3;1.5;88.2;9;944.6;998.1;;;997.5;1;4.4;3.6;15.8;4.4;15.8;0;13.5;12.4;0;27;333;;;;0;0;0.7;0;360;12.8;4.8;12.3;;;
LUZ;13.03.2025 00:00;6.1;8.1;3.5;5.5;10.2;2.7;81.4;7.6;943.9;997.5;;;996.7;1.9;12.5;6.8;45;12.2;43.9;0;2.3;3.2;0;49;327;;;;3;0;0.9;0;315;13.9;5.9;3.1;;;
LUZ;14.03.2025 00:00;4.1;5.8;2.5;3.6;6.3;1.6;77.4;6.3;950.4;1004.8;;;1003.5;1.4;6.4;5;23;6.2;22.3;0;0;0.2;0;33;318;;;;0;0;0.8;0;346;15.9;7.9;0;;;
LUZ;15.03.2025 00:00;4.7;6.2;3.7;4.4;6.4;3;83;7.1;954;1008.5;;;1007.3;1.6;6.6;5.8;23.8;6.5;23.4;0;2.2;1.3;0;21;326;;;;0;0;0.7;0;302;15.3;7.3;1.2;;;
LUZ;16.03.2025 00:00;4;5.5;3.5;3.8;6.4;2.6;87.2;7.1;961.5;1016.6;;;1015.2;1.3;5.5;4.7;19.8;5.4;19.4;0;2.8;3.7;0;43;323;;;;0;0;0.7;0;319;16;8;3.6;;;
LUZ;17.03.2025 00:00;4.8;7.8;2;4.2;9.6;-2;72.4;6.2;967.2;1022.4;;;1021.1;2.7;10.7;9.7;38.5;10.1;36.4;0;0;0;0;64;304;;;;1;0;1.2;0;360;15.2;7.2;-0.2;;;
LUZ;18.03.2025 00:00;4.1;9.8;0.5;4.2;15.4;-2.9;71.1;5.8;969.8;1025.3;;;1023.8;1.6;4.6;5.8;16.6;4.5;16.2;0;0;0;0;209;267;;;;526;79;1.8;0;307;15.9;7.9;-1.3;;;
LUZ;19.03.2025 00:00;6.8;15.1;0.1;5.6;20.2;-4.1;68.2;6.4;971.7;1026.8;;;1025.8;1.1;5.2;4;18.7;5;18;0;0;0;0;219;258;;;;670;100;2;0;270;13.2;5.2;-1.8;;;
LUZ;20.03.2025 00:00;9;17.3;1.8;7.7;22.5;-2.3;60.7;6.6;969.9;1024.4;;;1023.9;1.2;4.6;4.3;16.6;4.5;16.2;0;0;0;0;200;281;;;;508;75;2.2;0;270;11;3;-1.8;;;
LUZ;21.03.2025 00:00;10.7;17.8;3.9;9;22.3;-0.2;59.3;7.4;960.4;1014;;;1014;1.3;6.5;4.7;23.4;6.3;22.7;80;0;0;0;139;306;;;;160;24;2;0;315;9.3;1.3;-0.8;;;
LUZ;22.03.2025 00:00;14;19.8;7.9;12.6;24.6;2.6;43.8;6.7;951.4;1003.9;;;1004.6;3.4;14.3;12.2;51.5;13.7;49.3;550;0;0;0;198;301;;;;570;84;3.6;0;107;0;0;-2.9;;;
LUZ;23.03.2025 00:00;11;14.4;8.4;9.8;19.2;4.6;67.5;8.8;952.9;1006.1;;;1006.2;1.4;7.9;5;28.4;7.5;27;0;2.8;0;0;98;329;;;;67;10;1.6;0;281;9;1;-0.5;;;
LUZ;24.03.2025 00:00;10.1;15.3;6.6;9.6;21.4;2.4;79.2;9.7;959.9;1013.6;;;1013.5;1.3;7.2;4.7;25.9;7.1;25.6;0;1;3.8;0;122;329;;;;146;21;1.6;0;292;9.9;1.9;3.3;;;
LUZ;25.03.2025 00:00;8.4;13.3;3.7;7;19.4;0;85.6;9.4;965.2;1019.6;;;1019;0.9;9.3;3.2;33.5;9.3;33.5;0;7.3;6.9;0;85;313;;;;80;12;1.2;0;252;11.6;3.6;6.6;;;
LUZ;26.03.2025 00:00;8.7;10.4;7.4;7.9;12.3;4.5;88.9;10;965.7;1020.1;;;1019.5;0.8;3.3;2.9;11.9;3.2;11.5;0;3.5;3.9;0;50;339;;;;0;0;0.9;0;214;11.3;3.3;3.8;;;
LUZ;27.03.2025 00:00;8.5;10.9;6.8;8;12.9;3.5;75.3;8.3;963.2;1017.5;;;1016.9;2.9;9.8;10.4;35.3;9.5;34.2;0;0;0;0;73;332;;;;2;0;1.5;0;355;11.5;3.5;-0.3;;;
LUZ;28.03.2025 00:00;8.4;11.9;6.2;8.2;15.4;4.6;73.9;8.1;958.2;1012.2;;;1011.7;1;4.8;3.6;17.3;4.6;16.6;0;2.4;0;0;100;327;;;;1;0;1.4;0;135;11.6;3.6;-0.3;;;
LUZ;29.03.2025 00:00;7.7;8.5;7.1;6.9;8.9;5.7;89.7;9.4;961.4;1015.8;;;1015.1;1.2;7.4;4.3;26.6;7.2;25.9;0;13.5;15.9;0;27;339;;;;0;0;0.7;0;248;12.3;4.3;15.8;;;
LUZ;30.03.2025 00:00;10.2;15.1;4.2;10.4;21.6;-0.6;66.4;7.9;966.4;1020.5;;;1020.3;1.9;10.3;6.8;37.1;10;36;0;0;0;0;201;312;;;;395;55;2.3;0;270;9.8;1.8;-1.5;;;
LUZ;31.03.2025 00:00;8.9;12.1;4.7;8.2;18.8;-0.9;55.2;6.3;968.6;1023.1;;;1022.6;2.4;10.3;8.6;37.1;10;36;0;0;0;0;129;302;;;;209;29;2.1;0;330;11.1;3.1;-1.3;;;
LUZ;01.04.2025 00:00;7.2;11.8;2.6;5.8;18.1;-2.5;59.1;5.9;963.5;1018.1;;;1017.2;4.4;16.4;15.8;59;16.1;58;0;0;0;0;191;259;;;;543;76;2.6;0;2;12.8;4.8;-2.4;;;
LUZ;02.04.2025 00:00;9.4;17.2;0.9;8;22.7;-2.9;64;7.4;961.4;1015.4;;;1015.1;1.6;6.3;5.8;22.7;6.1;22;0;0;0;0;237;276;;;;653;91;2.6;0;310;10.6;2.6;-2.5;;;
LUZ;03.04.2025 00:00;11.5;20;4.4;9.9;24.9;-0.9;63;8.1;966.2;1020.1;;;1020.1;1.6;6.3;5.8;22.7;6.2;22.3;0;0;0;0;247;283;;;;700;97;3.1;0;326;8.5;0.5;-2.8;;;
LUZ;04.04.2025 00:00;12.4;20.6;4.6;10.7;25.7;-0.8;62.3;8.6;963.3;1016.7;;;1017;1.4;5.3;5;19.1;5.2;18.7;0;0;0;0;256;287;;;;722;100;3.1;0;320;0;0;-2.9;;;
LUZ;05.04.2025 00:00;13.3;20.6;5.6;11.2;27;0.4;56.8;8.1;960.2;1013.3;;;1013.7;1.6;6.3;5.8;22.7;6.1;22;0;0;0;0;255;292;;;;724;100;3.3;0;337;0;0;-3.4;;;
LUZ;06.04.2025 00:00;9.3;13.4;3.5;8.4;21.3;-3.3;46.8;5.5;963.7;1017.8;;;1017.4;2.8;9.4;10.1;33.8;9.3;33.5;0;0;0;0;258;267;;;;695;96;3.1;0;347;10.7;2.7;-4;;;
LUZ;07.04.2025 00:00;7.4;14.7;0.4;5.7;22;-5.2;46;4.6;967.1;1021.8;;;1021;2;6.7;7.2;24.1;6.3;22.7;0;0;0;0;269;252;;;;728;100;3.1;0;309;12.6;4.6;-4.3;;;
LUZ;08.04.2025 00:00;8.8;15.9;2.1;7.1;23.1;-4.3;50.4;5.5;969;1023.5;;;1023;1.7;7.1;6.1;25.6;7;25.2;0;0;0;0;266;263;;;;729;100;3;0;330;11.2;3.2;-4.1;;;
LUZ;09.04.2025 00:00;10.2;17;2.9;8.2;25.5;-2.5;52.8;6.2;967.2;1021.3;;;1021.1;1.8;7.3;6.5;26.3;7.1;25.6;0;0;0;0;249;275;;;;698;95;3.1;0;342;9.8;1.8;-3.7;;;
LUZ;10.04.2025 00:00;10.8;18.6;3.5;8.9;25.6;-2.4;50.3;6.1;970.1;1024.3;;;1024.1;1.6;6.6;5.8;23.8;6.3;22.7;0;0;0;0;267;274;;;;708;96;3.3;0;315;9.2;1.2;-4;;;
LUZ;11.04.2025 00:00;12.4;21;4.4;10.5;28.4;-2.1;55.7;7.8;966.2;1019.9;;;1020.1;1.3;5.5;4.7;19.8;5.3;19.1;0;0;0;0;271;285;;;;737;100;3.4;0;207;0;0;-3.8;;;
LUZ;12.04.2025 00:00;13.3;19.7;5.9;10.7;26;-1;61.7;9.2;958.3;1011.3;;;1011.8;1.3;5.8;4.7;20.9;5.7;20.5;0;0;0;0;208;304;;;;526;71;2.8;0;180;0;0;-2.5;;;
LUZ;13.04.2025 00:00;14;17;11.3;13.6;22.6;7.5;74.2;11.8;957;1009.8;;;1010.5;1.5;6.1;5.4;22;6;21.6;0;2.1;0.4;0;132;354;;;;70;9;2.1;0;326;0;0;-0.1;;;
LUZ;14.04.2025 00:00;14.9;20.1;10.1;14.6;26.9;5.6;74.2;12.3;954.4;1006.9;;;1007.8;1.6;6.7;5.8;24.1;6.5;23.4;0;0.1;1.8;0;204;340;;;;313;42;2.9;0;331;0;0;0.6;;;
LUZ;15.04.2025 00:00;14.2;19.7;10;12.7;27.4;4.6;73.5;11.8;949.3;1001.6;;;1002.4;1.4;5.5;5;19.8;5.3;19.1;0;0;0;0;155;332;;;;212;28;2.4;0;324;0;0;-1;;;
LUZ;16.04.2025 00:00;10.6;14.9;7.7;9.4;17.3;3.7;85.2;10.8;954.6;1008;;;1008;1.5;8.8;5.4;31.7;8.6;31;0;23;10.7;0;73;338;;;;76;10;1.4;0;319;9.4;1.4;10.4;;;
LUZ;17.04.2025 00:00;7.8;10;6.6;8;14.8;5.4;88.5;9.4;956.1;1010.1;;;1009.5;1.2;6.9;4.3;24.8;6.8;24.5;0;3.7;16;0;61;341;;;;0;0;1.1;0;270;12.2;4.2;15.8;;;
LUZ;18.04.2025 00:00;7.8;10.8;4.4;6.8;14.6;-1.6;82.1;8.6;960.5;1014.7;;;1014.1;1.1;5.9;4;21.2;5.7;20.5;0;0;0;0;87;313;;;;21;3;1.3;0;180;12.2;4.2;-0.3;;;
LUZ;19.04.2025 00:00;11.3;20.8;3.3;10.7;29;-2.2;69.7;9;954.2;1007.4;;;1007.5;1.5;7.5;5.4;27;7.1;25.6;50;0;0;0;277;289;;;;710;93;3.5;0;34;8.7;0.7;-2.8;;;
LUZ;20.04.2025 00:00;9.7;15.1;5.5;7.7;21.3;0.1;74.9;9;955.1;1008.6;;;1008.4;2;12.1;7.2;43.6;11.9;42.8;0;4.6;4.6;0;142;300;;;;283;37;2.1;0;333;10.3;2.3;3.4;;;
LUZ;21.04.2025 00:00;10.1;14.6;4.6;9.3;21.6;-0.4;83.3;10.3;960.3;1014.1;;;1013.9;1.3;6.5;4.7;23.4;6.3;22.7;0;5.8;5.7;0;150;320;;;;213;28;1.8;0;180;9.9;1.9;5;;;
LUZ;22.04.2025 00:00;13;17.9;8.2;12.8;28.2;3;68.1;9.8;964.3;1017.8;;;1018.1;1.3;6.4;4.7;23;6;21.6;0;0;0.1;0;243;315;;;;453;59;3.1;0;326;0;0;-2;;;
LUZ;23.04.2025 00:00;11.5;18.8;6.8;11.1;28.6;0.8;76.7;10.2;962.1;1015.7;;;1015.7;1.6;14.9;5.8;53.6;14.8;53.3;0;18.6;18.6;0;197;319;;;;437;56;2.8;0;292;8.5;0.5;17.1;;;
LUZ;24.04.2025 00:00;10.2;13.3;8.2;10.6;21.7;6.1;83.8;10.3;964.1;1018.1;;;1017.9;1.2;7.3;4.3;26.3;6.7;24.1;0;5.6;3.3;0;118;337;;;;68;9;1.7;0;149;9.8;1.8;2.9;;;
LUZ;25.04.2025 00:00;9.7;12.5;7.5;9.4;22.3;2.7;87.5;10.5;964.2;1018.3;;;1018;1;4.6;3.6;16.6;4.4;15.8;0;9.7;12;0;105;327;;;;137;18;1.5;0;180;10.3;2.3;11.6;;;
LUZ;26.04.2025 00:00;12;17;7.3;12.8;28.1;3.2;74.9;10.3;963.1;1016.6;;;1016.8;1.4;6.2;5;22.3;6;21.6;0;0;0;0;190;335;;;;211;27;2.5;0;342;8;0;-1;;;
LUZ;27.04.2025 00:00;13.3;18.7;8.7;14.1;29.6;3.3;75.6;11.4;967.6;1021.1;;;1021.5;1.4;6.2;5;22.3;6;21.6;0;0.1;0.1;0;203;337;;;;286;36;2.8;0;8;0;0;-1.1;;;
LUZ;28.04.2025 00:00;15.2;22.1;8.4;14.5;31.1;3.6;70.8;11.8;969.7;1022.9;;;1023.7;1.5;6.8;5.4;24.5;6.6;23.8;0;0;0;0;285;316;;;;628;80;3.8;0;337;0;0;-2.6;;;
LUZ;29.04.2025 00:00;16.4;24;9.4;15.5;33.2;4;66.1;11.9;969.2;1022.2;;;1023.2;1.8;9;6.5;32.4;8.8;31.7;30;0;0;0;284;321;;;;661;83;4.2;0;117;0;0;-3.2;;;
LUZ;30.04.2025 00:00;16.8;24.5;9.3;15.3;32.8;3.6;60;11;967.8;1020.6;;;1021.7;1.6;6.6;5.8;23.8;6.4;23;0;0;0;0;311;313;;;;804;100;4.5;0;321;0;0;-4.4;;;
LUZ;01.05.2025 00:00;17.9;26;10.3;17;34.5;4.7;56.8;10.9;966.3;1018.9;;;1020.2;1.3;6.8;4.7;24.5;6.6;23.8;0;0;0;0;304;321;;;;763;95;4.5;0;323;0;0;-4.6;;;
LUZ;02.05.2025 00:00;19.5;27.5;11.1;19;35;6.5;55.9;11.9;964.3;1016.5;;;1018.1;1.3;5.3;4.7;19.1;5.1;18.4;0;0.1;0;0;304;333;;;;751;94;4.6;1.2;307;0;0;-4.6;;;
LUZ;03.05.2025 00:00;16.5;19.5;14.6;15.3;24.2;10.1;76.1;14.3;960.9;1013.5;;;1014.6;1.8;10.9;6.5;39.2;10.5;37.8;0;1;0.3;;101;363;;;;102;13;2.1;0;162;0;0;-0.4;;;
LUZ;04.05.2025 00:00;13.7;17.6;9.4;13.4;22.8;8.7;84.5;13.2;956;1008.8;;;1009.4;1.8;11.4;6.5;41;10.8;38.9;0;37.7;22.5;0;90;361;;;;66;8;1.6;0;347;0;0;22.1;;;
LUZ;05.05.2025 00:00;8.1;9.5;6.7;8.1;11.1;6.1;90.5;9.8;955.9;1009.8;;;1009.3;2.4;11.4;8.6;41;11.1;40;0;9.7;25.2;0;51;345;;;;0;0;0.9;0;328;11.9;3.9;25;;;
LUZ;06.05.2025 00:00;8.3;9.2;7.1;7.9;9.5;6.5;83.8;9.1;959.7;1013.8;;;1013.3;2.3;9.3;8.3;33.5;9.1;32.8;0;0.1;0.5;0;33;340;;;;0;0;1;0;332;11.7;3.7;0.2;;;
LUZ;07.05.2025 00:00;9.2;10.8;8;8.8;12;6.9;80.4;9.4;960.1;1014;;;1013.7;1.2;4.7;4.3;16.9;4.6;16.6;0;0.4;0.5;0;44;343;;;;0;0;1.1;0;270;10.8;2.8;0.2;;;
LUZ;08.05.2025 00:00;10.8;13.7;7.8;10.9;24.3;4.6;73.7;9.5;959.2;1012.8;;;1012.8;1.2;5.2;4.3;18.7;5;18;0;0;0;0;119;335;;;;73;9;1.8;0;297;9.2;1.2;-0.7;;;
LUZ;09.05.2025 00:00;10.2;13.7;6.7;9.8;19.5;2.8;77.1;9.6;962.4;1016.3;;;1016.1;1.3;5;4.7;18;4.8;17.3;0;0.7;0.7;0;108;333;;;;16;2;1.7;0;301;9.8;1.8;0.3;;;
LUZ;10.05.2025 00:00;12.4;19.1;5.3;12.6;28.6;0.8;70.9;9.9;963.8;1017.3;;;1017.5;1.3;5.5;4.7;19.8;5.3;19.1;0;0;0;;266;302;;;;654;79;3.4;0;304;0;0;-2.9;;;
LUZ;11.05.2025 00:00;15.8;23.3;8.3;16;31.1;3.4;59.2;10;959;1011.5;;;1012.5;2.1;9.1;7.6;32.8;8.3;29.9;0;0;0;0;328;311;;;;800;97;4.8;0;346;0;0;-4.8;;;
LUZ;12.05.2025 00:00;13.9;19;10.3;14.5;30.2;9.3;74.7;11.7;959.8;1012.8;;;1013.4;2.1;10.9;7.6;39.2;10.8;38.9;0;18.4;18.2;0;156;354;;;;107;13;2.7;0;304;0;0;17.4;;;
LUZ;13.05.2025 00:00;13.6;19.9;9.8;14.1;29.2;4.8;75.6;11.6;962.6;1015.7;;;1016.3;1.4;7.1;5;25.6;6.8;24.5;0;0;0.2;0;220;329;;;;344;41;3.2;0;315;0;0;-1.3;;;
LUZ;14.05.2025 00:00;15.1;22.3;8;15.1;31;3.1;61.1;9.8;963.1;1016.1;;;1016.8;1.5;7.4;5.4;26.6;7.2;25.9;0;0;0;0;337;300;;;;823;99;4.6;0;333;0;0;-4.8;;;
LUZ;15.05.2025 00:00;15.6;22.5;8.1;15.2;32.2;2.7;51.5;8.7;961;1013.7;;;1014.6;2.3;12.3;8.3;44.3;11.9;42.8;0;0;0;0;270;321;;;;537;64;4.4;0;352;0;0;-4.1;;;
LUZ;16.05.2025 00:00;13.5;18.4;7.2;14.2;28.8;1.5;41.9;6.3;963.3;1016.5;;;1017;2.2;9.6;7.9;34.6;9.4;33.8;0;0;0;0;350;291;;;;817;97;4.7;0;340;0;0;-7;;;
LUZ;17.05.2025 00:00;14.5;19.4;8.6;14.8;29.2;3.4;50.3;8.1;962.5;1015.5;;;1016.1;1.7;6.8;6.1;24.5;6.7;24.1;0;0;0;;279;318;;;;581;69;4;0;135;0;0;-4.5;;;
LUZ;18.05.2025 00:00;15;20.8;8.4;14.4;29.3;3.5;54.9;9.1;962.9;1015.8;;;1016.5;1.5;6.8;5.4;24.5;6.6;23.8;0;0;0;0;285;311;;;;613;72;4.1;0;243;0;0;-4.3;;;
LUZ;19.05.2025 00:00;16.6;23.9;8.2;16.7;32;2.4;58.5;10.7;962.8;1015.4;;;1016.5;1.4;8.9;5;32;8.4;30.2;0;0.4;0;0;296;327;;;;621;73;4.3;0;360;0;0;-4.1;;;
LUZ;20.05.2025 00:00;15.5;20.1;12.9;15.7;29.8;9.7;81.7;14.2;962.4;1015.2;;;1016.1;1.5;7.7;5.4;27.7;7.4;26.6;0;27.1;24;0;158;360;;;;214;25;2.6;0;315;0;0;23.1;;;
LUZ;21.05.2025 00:00;13.4;15.7;11.3;13.3;19.7;10.4;89.7;13.8;961.6;1014.8;;;1015.3;1.5;7.9;5.4;28.4;7.6;27.4;0;25.3;28.2;0;85;365;;;;22;3;1.5;0;139;0;0;28;;;
LUZ;22.05.2025 00:00;10.4;11.6;8.6;10.3;13.7;6.7;89.8;11.4;960.4;1014.1;;;1014;1.3;6.6;4.7;23.8;6.5;23.4;0;14.5;15;0;65;349;;;;0;0;1.1;0;239;9.6;1.6;14.8;;;
LUZ;23.05.2025 00:00;11;13.6;8.5;11.1;21;5;82.7;10.8;963.8;1017.6;;;1017.6;1.1;6.5;4;23.4;6.3;22.7;0;1.6;1.7;0;138;334;;;;115;13;1.9;0;194;9;1;1.1;;;
LUZ;24.05.2025 00:00;13;18.6;7.5;14.8;29.1;5.3;60.1;8.6;965.6;1019.1;;;1019.5;1.6;7.3;5.8;26.3;7;25.2;0;1.3;0.6;;289;322;;;;527;61;3.9;0;320;0;0;-2.9;;;
LUZ;25.05.2025 00:00;14.5;19;10.6;14.8;25.9;9.7;77.3;12.6;964.9;1018;;;1018.6;1.5;6.6;5.4;23.8;6.4;23;0;1;1.4;0;156;358;;;;79;9;2.5;0;163;0;0;0.8;;;
LUZ;26.05.2025 00:00;13.8;18.1;12.5;13.7;24.7;10.9;82.6;13;967.2;1020.6;;;1021.1;1.5;12;5.4;43.2;11.6;41.8;0;1.6;1.8;0;106;360;;;;42;5;2;0;172;0;0;1.4;;;
LUZ;27.05.2025 00:00;13.8;17.3;11;13.3;24.6;6.8;77.8;12.1;969.1;1022.6;;;1023;1.4;7.3;5;26.3;6.7;24.1;0;0;0.1;0;133;344;;;;130;15;2.2;0;163;0;0;-0.7;;;
LUZ;28.05.2025 00:00;14.4;17.2;11.9;13.7;21.1;8;83.4;13.6;968.7;1022;;;1022.6;1.5;9.4;5.4;33.8;9.2;33.1;0;33.2;8.2;0;83;360;;;;32;4;1.6;0;219;0;0;7.8;;;
LUZ;29.05.2025 00:00;16;21.6;11.6;16.6;30.2;7.1;75;13.3;971.2;1024.4;;;1025.3;1.6;8.4;5.8;30.2;8.3;29.9;0;0;25;0;254;349;;;;353;41;3.8;0;189;0;0;23.3;;;
LUZ;30.05.2025 00:00;18.9;27;10.6;18.7;34.7;5.8;67.2;14.1;969.4;1021.9;;;1023.4;1.4;5.4;5;19.4;5;18;0;0;0;0;354;328;;;;875;100;5.3;0.6;202;0;0;-4.6;;;
LUZ;31.05.2025 00:00;21.7;29.7;13.5;21.7;37.3;8;65.4;16.1;966.6;1018.5;;;1020.5;1.4;7.3;5;26.3;7;25.2;0;5;4.4;0;351;356;;;;861;98;5.6;3.4;243;0;0;-0.4;;;
LUZ;01.06.2025 00:00;21.3;27.5;16;21.5;34;12.5;70.1;17.4;964.3;1016;;;1018;1.7;12.7;6.1;45.7;12.2;43.9;0;1;0.6;0;259;374;;;;453;52;4.5;3;171;0;0;-1.9;;;
LUZ;02.06.2025 00:00;18.1;21.7;16.3;18.3;29.2;15;86.3;17.8;964.8;1017.2;;;1018.6;1.5;12.9;5.4;46.4;11.7;42.1;0;11.7;12.5;0;137;383;;;;52;6;2.5;0;90;0;0;12.1;;;
LUZ;03.06.2025 00:00;18.7;23.8;15.3;19.5;31.6;12.9;83.4;17.9;962.5;1014.6;;;1016.1;1.2;8.6;4.3;31;8.3;29.9;0;3.2;3.3;0;238;366;;;;469;53;3.7;0.4;90;0;0;1.8;;;
LUZ;04.06.2025 00:00;17.5;23.1;14.5;17.9;29.5;10.7;84.8;16.8;959.8;1012.1;;;1013.4;1.8;15.7;6.5;56.5;13.6;49;0;3;3;0;169;365;;;;93;11;3;0;345;0;0;2.5;;;
LUZ;05.06.2025 00:00;17.4;20.8;14.2;17.7;26.6;11.4;79.1;15.6;962.1;1014.5;;;1015.7;1.2;5.5;4.3;19.8;5.5;19.8;0;1.1;1.2;0;164;368;;;;94;11;2.7;0;149;0;0;0.5;;;
LUZ;06.06.2025 00:00;19.4;25;15.4;20;33.9;13.6;73.3;16.2;962.7;1014.7;;;1016.3;2.2;14.3;7.9;51.5;13.8;49.7;0;18.9;11.1;0;225;372;;;;330;37;4;1.1;231;0;0;9.3;;;
LUZ;07.06.2025 00:00;16.5;20.6;14.1;17;30.3;12.4;88;16.5;962.4;1015;;;1016.1;1.7;9.4;6.1;33.8;9.1;32.8;0;12.6;19.9;0;120;375;;;;67;8;2.2;0;326;0;0;19.5;;;
LUZ;08.06.2025 00:00;17.4;21.7;14.3;18;31.1;10.1;61.4;11.9;966;1018.6;;;1019.9;3.9;18.8;14;67.7;18.6;67;0;0;0.5;0;286;346;;;;454;51;5;0;265;0;0;-2.7;;;
LUZ;09.06.2025 00:00;17.1;22.8;12.2;18.3;31.8;8;58.3;11.1;969.8;1022.7;;;1023.8;1.5;7;5.4;25.2;6.8;24.5;0;0;0;0;341;320;;;;792;89;5;0;319;0;0;-5.6;;;
LUZ;10.06.2025 00:00;18.9;26;10.5;18.6;34.1;6.2;63.9;13.5;966.8;1019.2;;;1020.7;1.3;5.4;4.7;19.4;5.3;19.1;0;0;0;0;300;330;;;;636;72;4.6;0.6;315;0;0;-4;;;
LUZ;11.06.2025 00:00;20.4;27;13.1;20.5;34.6;8.6;61.3;14;965.6;1017.7;;;1019.4;1.5;6.9;5.4;24.8;6.4;23;0;0;0;0;331;337;;;;742;83;5.3;2.1;333;0;0;-4.9;;;
LUZ;12.06.2025 00:00;22.1;29.7;14.5;22;36.8;9.4;62.1;16.1;964.4;1016;;;1018.2;1.4;5.9;5;21.2;5.6;20.2;0;0;0;0;342;348;;;;801;90;5.6;3.8;225;0;0;-5.2;;;
LUZ;13.06.2025 00:00;24.2;32;15.8;23.7;38.5;11.8;60.9;17.9;966.4;1017.8;;;1020.3;1.2;5.2;4.3;18.7;5.1;18.4;0;0.1;0;0;317;370;;;;716;80;5.5;5.9;281;0;0;-4.8;;;
LUZ;14.06.2025 00:00;24.7;31.4;18.7;24.4;38.5;14.3;64.2;19.4;967;1018.3;;;1020.9;2.1;12.6;7.6;45.4;11.7;42.1;0;0;0.1;0;322;379;;;;741;83;6;6.4;160;0;0;-4.5;;;
LUZ;15.06.2025 00:00;20.9;29.4;17.4;21.2;38;13.4;75.4;18.4;968.1;1020.1;;;1022;1.7;14.4;6.1;51.8;13.6;49;0;19.3;19.3;0;234;379;;;;411;46;4.5;2.6;338;0;0;17.3;;;
LUZ;16.06.2025 00:00;19;23.5;15.5;19.4;31.9;10.6;68.2;14.8;972.2;1024.9;;;1026.3;2.5;9.5;9;34.2;9.5;34.2;0;0;0;0;228;359;;;;330;37;4.1;0.7;351;0;0;-2.2;;;
LUZ;17.06.2025 00:00;20.2;26.3;13.6;21.7;36.5;9.6;60.4;13.9;970.2;1022.6;;;1024.3;2.2;8.6;7.9;31;8;28.8;0;0;0;0;356;334;;;;838;94;5.7;1.9;336;0;0;-5.7;;;
LUZ;18.06.2025 00:00;21.3;28.1;14.6;22.1;38.8;9.5;59.3;14.5;969.4;1021.5;;;1023.4;1.6;6.8;5.8;24.5;6.4;23;0;0;0;0;338;344;;;;843;95;5.6;3;326;0;0;-5.9;;;
LUZ;19.06.2025 00:00;23.1;29.7;15.8;23.2;37.5;11.4;56.4;15.3;968.7;1020.4;;;1022.7;2;8.4;7.2;30.2;8.1;29.2;0;0;0;0;349;354;;;;876;98;6.1;4.8;340;0;0;-6.5;;;
LUZ;20.06.2025 00:00;23.3;29.7;17.2;23.4;36.9;12.3;57.5;16.1;968.2;1019.8;;;1022.1;2.2;7.6;7.9;27.4;7.4;26.6;0;0;0;0;349;353;;;;870;98;6.2;5;336;0;0;-6.4;;;
LUZ;21.06.2025 00:00;22.6;29.6;17.1;22.8;37.2;12.3;57.3;15.5;967.2;1018.9;;;1021.1;2.2;12.3;7.9;44.3;11.4;41;230;0;0;0;323;359;;;;755;85;5.9;4.3;90;0;0;-5.7;;;
LUZ;22.06.2025 00:00;23.9;31.9;14.2;23.3;38.1;10.3;52.9;15.1;966;1017.4;;;1019.8;1.5;6.1;5.4;22;6;21.6;0;0;0;0;352;356;;;;878;99;6.1;5.6;198;0;0;-7.1;;;
LUZ;23.06.2025 00:00;24.8;29.6;19.9;23.9;37;13.5;53.8;16.6;963.9;1015;;;1017.6;2.6;14.1;9.4;50.8;13.8;49.7;70;0;0;0;253;386;;;;487;55;5.5;6.5;247;0;0;-4.3;;;
LUZ;24.06.2025 00:00;23.5;30.3;15.6;23.3;36.5;11.4;54.4;15.3;964.7;1016.1;;;1018.5;1.8;7.5;6.5;27;7.4;26.6;0;0;0;0;353;353;;;;884;99;6.1;5.2;214;0;0;-7;;;
LUZ;25.06.2025 00:00;24.9;32.4;16.7;24.4;38;12.4;55.5;16.7;962.9;1014;;;1016.6;1.3;5.8;4.7;20.9;5.6;20.2;0;0.5;0;0;344;366;;;;871;98;6;6.6;270;0;0;-6.7;;;
LUZ;26.06.2025 00:00;20.7;27.3;17.3;20;36.2;14.1;80.1;19.3;966.1;1018.1;;;1019.9;1.9;14.7;6.8;52.9;13.6;49;0;33.6;34.1;0;122;384;;;;192;22;2.9;2.4;169;0;0;33.1;;;
LUZ;27.06.2025 00:00;22.6;28.6;16.7;23.6;35.4;13.4;68.4;18.3;971.4;1023.3;;;1025.5;1.4;5.8;5;20.9;5.8;20.9;0;0;0;0;292;380;;;;514;58;5;4.3;315;0;0;-3.1;;;
LUZ;28.06.2025 00:00;24.3;30.9;17.4;24.3;36.8;14.4;62;18.1;972.3;1024;;;1026.5;1.4;6.5;5;23.4;6.2;22.3;0;0;0;0;353;367;;;;879;99;6;6;346;0;0;-5.9;;;
LUZ;29.06.2025 00:00;25.5;32.6;18;25.1;37.9;14.2;58.4;18.3;969.2;1020.4;;;1023.2;1.5;5.7;5.4;20.5;5.6;20.2;0;0;0;0;357;372;;;;890;100;6.3;7.2;338;0;0;-6.5;;;
LUZ;30.06.2025 00:00;24.5;31.4;19.4;24.1;38.2;16.6;63.8;19.5;965.4;1016.6;;;1019.2;1.7;12.4;6.1;44.6;12;43.2;20;0;0;0;215;394;;;;356;40;4.5;6.2;143;0;0;-2.7;;;
LUZ;01.07.2025 00:00;25.3;32.4;18.7;25.3;38.5;15.5;60.8;19.3;964.9;1015.9;;;1018.7;1.5;9.5;5.4;34.2;9.1;32.8;30;0.5;0.5;0;295;388;;;;590;67;5.5;7;158;0;0;-3.8;;;
LUZ;02.07.2025 00:00;25.2;32.7;18.1;24.5;38.2;14.5;56;17.3;964;1015;;;1017.7;2;11.6;7.2;41.8;10.6;38.2;80;2.1;2.1;0;305;381;;;;710;80;6;6.9;158;0;0;-3.6;;;
LUZ;03.07.2025 00:00;24.3;29.7;18.7;24.1;36.1;15.9;66;19.6;968.7;1020.1;;;1022.6;1.7;7.2;6.1;25.9;6.9;24.8;0;18.9;0;0;228;393;;;;351;40;4.4;6;323;0;0;-2.5;;;
LUZ;04.07.2025 00:00;22;26.9;18.3;22.2;33.3;14.5;76.6;20;970.4;1022.3;;;1024.4;1.4;4.9;5;17.6;4.8;17.3;0;0.2;19.1;0;202;391;;;;300;34;3.7;3.7;292;0;0;17.5;;;
LUZ;05.07.2025 00:00;22.6;28.4;17.2;22.5;35;12.6;58.8;15.7;965.1;1016.7;;;1018.9;1.6;6.5;5.8;23.4;6;21.6;0;0;0;0;306;366;;;;534;60;5.3;4.3;360;0;0;-4.2;;;
LUZ;06.07.2025 00:00;20;26.1;15.5;19.1;34.2;12.1;58.6;13.3;959.3;1011.1;;;1012.9;2.2;14.2;7.9;51.1;13.6;49;0;1.4;0.6;0;183;368;;;;289;33;4;1.7;274;0;0;-2;;;
LUZ;07.07.2025 00:00;15.9;19.2;13.4;16;24.5;12.1;85.9;15.5;956.7;1009.1;;;1010.1;1.6;11.5;5.8;41.4;10.4;37.4;0;19.1;17.4;0;118;372;;;;44;5;2.1;0;270;0;0;17;;;
LUZ;08.07.2025 00:00;13.7;18.3;11.4;13.5;26.2;8.8;75.9;11.8;963.2;1016.4;;;1016.9;2.2;19.1;7.9;68.8;18.7;67.3;0;6.4;8.9;0;144;352;;;;129;15;2.6;0;270;0;0;7.9;;;
LUZ;09.07.2025 00:00;16.4;22.5;10.4;16.8;30.6;6.8;59.3;10.7;968.4;1021.4;;;1022.4;1.8;6.9;6.5;24.8;6.9;24.8;0;0;0;0;332;317;;;;747;85;4.8;0;320;0;0;-5.6;;;
LUZ;10.07.2025 00:00;17.8;24.2;10.4;17.7;32.2;6.7;58.7;11.4;967.6;1020.3;;;1021.5;1.8;7;6.5;25.2;6.8;24.5;0;0;0;0;355;316;;;;874;100;5.2;0;333;0;0;-6.5;;;
LUZ;11.07.2025 00:00;20;26.2;11.7;19.5;35.1;7.2;54.4;12.2;964;1016;;;1017.7;1.6;7.5;5.8;27;7.3;26.3;0;0;0;0;339;338;;;;818;94;5.2;1.7;351;0;0;-6.7;;;
LUZ;12.07.2025 00:00;20.7;26.9;14.2;20.2;34.5;9.2;56.7;13.6;960.5;1012.2;;;1014.1;2;7.7;7.2;27.7;7.5;27;0;0;0;0;342;340;;;;832;96;5.6;2.4;14;0;0;-6.5;;;
LUZ;13.07.2025 00:00;21.8;27.8;13.9;21.1;34.1;10.1;57.5;14.8;960.7;1012.2;;;1014.3;1.7;9.4;6.1;33.8;8.9;32;230;9.5;0;0;254;368;;;;482;55;4.5;3.5;149;0;0;-4;;;
LUZ;14.07.2025 00:00;20.8;26.1;17.5;20.7;33.1;13.8;74.3;17.8;966.8;1018.9;;;1020.7;1.9;10.6;6.8;38.2;10.3;37.1;0;4.9;13.4;0;242;375;;;;429;50;4.3;2.5;165;0;0;11.1;;;
LUZ;15.07.2025 00:00;19.9;22.8;17.3;19.2;28.2;13.6;80.3;18.6;967.4;1019.6;;;1021.2;1.3;6.3;4.7;22.7;6.1;22;0;2.9;3.9;0;123;386;;;;87;10;2.4;1.6;180;0;0;3.2;;;
LUZ;16.07.2025 00:00;18.9;23.3;16.2;18.6;31.9;13.5;73.5;15.8;965.7;1018;;;1019.5;1.2;6.8;4.3;24.5;6.4;23;0;13;3.4;0;133;381;;;;31;4;2.6;0.6;207;0;0;2.8;;;
LUZ;17.07.2025 00:00;18.5;23.5;14.6;18.9;30;10.5;74.1;15.5;965.3;1017.6;;;1019.1;1.6;9;5.8;32.4;8.8;31.7;0;0.5;10.1;0;244;363;;;;406;47;3.9;0.2;288;0;0;7.9;;;
LUZ;18.07.2025 00:00;20.6;27.4;13.7;20.6;34.9;9.4;67.8;16.1;961.7;1013.4;;;1015.3;1.4;6.8;5;24.5;6.6;23.8;0;0;0;0;334;346;;;;831;97;5.2;2.3;207;0;0;-4.9;;;
LUZ;19.07.2025 00:00;20.8;27.6;16.9;20.2;35.3;12.9;76.2;18.5;958.6;1010.1;;;1012.1;1.8;17.7;6.5;63.7;17.3;62.3;0;0.8;0.8;0;197;367;;;;409;48;3.8;2.5;288;0;0;-1.3;;;
LUZ;20.07.2025 00:00;20.5;27.6;16.6;21.3;36.5;12.4;82.4;19.6;956;1007.5;;;1009.4;1.4;11.9;5;42.8;11.6;41.8;0;52.9;47.1;0;226;378;;;;389;46;3.9;2.2;45;0;0;45.6;;;
LUZ;21.07.2025 00:00;18.4;22.7;16.2;18.6;30.4;13.8;82.5;17.4;957.6;1009.6;;;1011;1.6;8.6;5.8;31;8.5;30.6;0;6.2;12;0;191;371;;;;253;30;3.2;0.1;166;0;0;10.9;;;
LUZ;22.07.2025 00:00;19.4;24.3;15.5;19.7;33.3;12.1;67.8;15;962.6;1014.7;;;1016.3;2;9.5;7.2;34.2;9.4;33.8;0;0;0;0;240;367;;;;314;37;4.1;1.1;270;0;0;-2.2;;;
LUZ;23.07.2025 00:00;19.2;24.3;14.2;19.3;31.5;9.6;69.4;15.2;961.6;1013.6;;;1015.2;1.6;5.9;5.8;21.2;5.9;21.2;0;5.3;3.3;0;231;364;;;;375;44;3.8;0.9;164;0;0;0.9;;;
LUZ;24.07.2025 00:00;16.6;18.9;14.3;16.3;20.6;13.2;88.3;16.6;961.9;1014.4;;;1015.5;1.4;8.2;5;29.5;8;28.8;0;11.8;13.1;0;84;379;;;;1;0;1.6;0;225;0;0;12.8;;;
LUZ;25.07.2025 00:00;17;21.5;14.2;17.6;28.6;12.5;82.4;15.9;963.4;1015.9;;;1017.1;1.2;5.6;4.3;20.2;5.4;19.4;0;1.2;1.6;0;153;372;;;;134;16;2.6;0;301;0;0;0.9;;;
LUZ;26.07.2025 00:00;16.7;20.8;14.7;16.3;26.8;12.6;87.4;16.5;963.8;1016.4;;;1017.5;1.4;11.5;5;41.4;11;39.6;0;21.9;20.1;0;86;378;;;;17;2;1.8;0;225;0;0;19.8;;;
LUZ;27.07.2025 00:00;16.5;20.5;14.7;16.7;26.3;13.6;87.8;16.4;962.5;1015.1;;;1016.1;1.5;10.3;5.4;37.1;9.8;35.3;0;21.7;20.5;0;124;376;;;;98;12;2.2;0;172;0;0;20;;;
LUZ;28.07.2025 00:00;13.9;15.7;12.9;13.7;18.4;11.9;90.7;14.4;964;1017.2;;;1017.8;1.8;12.9;6.5;46.4;12.5;45;0;26.3;25.2;0;59;371;;;;0;0;1.3;0;259;0;0;25;;;
LUZ;29.07.2025 00:00;15.7;20.4;11.6;;;;76.2;13.3;966.6;1019.6;;;1020.5;1.3;6.6;4.7;23.8;6.4;23;0;0.2;4.6;0;244;342;;;;377;45;3.4;0;219;0;0;2.7;;;
LUZ;30.07.2025 00:00;16.5;21;10.9;16.1;26.1;7.4;74.5;13.8;965.9;1018.7;;;1019.8;1.2;7.7;4.3;27.7;7.6;27.4;0;6.6;0.1;0;174;354;;;;130;16;2.7;0;304;0;0;-0.9;;;
LUZ;31.07.2025 00:00;18;22.4;15;18;27;12.7;79.6;16.3;965.7;1018.2;;;1019.5;1.3;6.5;4.7;23.4;5.7;20.5;0;1.6;6.6;0;195;367;;;;300;36;3.1;0;180;0;0;5.2;;;
LUZ;01.08.2025 00:00;19.4;26;15.6;19.7;31.1;14.2;74.1;16.1;961.2;1013.2;;;1014.9;2.2;12.5;7.9;45;12.1;43.6;0;24.3;8.5;0;237;374;;;;312;38;4.2;1.1;243;0;0;6.7;;;
LUZ;02.08.2025 00:00;15;18.1;12.9;14.7;21.6;11;86.3;14.7;962.6;1015.5;;;1016.3;1.4;8.2;5;29.5;8.1;29.2;0;8;23.5;0;120;363;;;;81;10;2;0;214;0;0;23;;;
LUZ;03.08.2025 00:00;16.6;21.8;12.6;17;28.6;10.9;76.1;14.2;967.7;1020.5;;;1021.6;1.2;5.3;4.3;19.1;4.9;17.6;0;0;1.8;0;217;359;;;;262;32;3.3;0;153;0;0;0.4;;;
LUZ;04.08.2025 00:00;18;23.7;13.5;17.8;30;10.4;74.3;15.2;969.1;1021.8;;;1023.1;1.4;5.9;5;21.2;5.5;19.8;0;0;0;0;233;353;;;;422;52;3.6;0;188;0;0;-2.2;;;
LUZ;05.08.2025 00:00;20.1;27.9;14.1;19.6;33.1;9.9;71.2;16.6;968.1;1020.4;;;1022.1;1.3;5.7;4.7;20.5;5.5;19.8;0;0.2;0.2;0;190;377;;;;219;27;3.5;1.8;297;0;0;-1.3;;;
LUZ;06.08.2025 00:00;18.9;23.8;14.8;19;29.1;12.1;65.1;14.2;969.1;1021.6;;;1023.1;1.6;5.8;5.8;20.9;5.6;20.2;0;0;0;0;220;352;;;;317;39;3.7;0.6;326;0;0;-2.3;;;
LUZ;07.08.2025 00:00;20.7;27.9;14;20.6;32.8;11;70.9;16.9;966.6;1018.7;;;1020.5;1.2;6;4.3;21.6;5.7;20.5;0;0;0;0;298;352;;;;755;94;4.6;2.4;180;0;0;-3.9;;;
LUZ;08.08.2025 00:00;23.1;30.7;14.8;22.4;35.8;11.1;64.5;17.6;967.5;1019.1;;;1021.4;1.3;4.8;4.7;17.3;4.6;16.6;0;0;0;0;304;359;;;;809;100;5;4.8;207;0;0;-4.9;;;
LUZ;09.08.2025 00:00;24.5;32.2;16.9;24;36.8;13.2;67.5;20.2;968.2;1019.6;;;1022.1;1.2;4.9;4.3;17.6;4.7;16.9;0;0;0;0;299;373;;;;804;100;5.1;6.2;191;0;0;-4.5;;;
LUZ;10.08.2025 00:00;24.3;29.9;19.2;24;35.2;15.8;65;19.3;970.6;1022.2;;;1024.7;1.6;6.9;5.8;24.8;6.6;23.8;0;0;0;0;295;373;;;;783;98;5.1;6;331;0;0;-4.7;;;
LUZ;11.08.2025 00:00;23.1;29;17.5;22.9;33.9;13.9;69.3;19.4;967.5;1019.1;;;1021.4;1.4;5.3;5;19.1;5.2;18.7;0;0;0;0;289;370;;;;782;98;4.7;4.8;310;0;0;-4.1;;;
LUZ;12.08.2025 00:00;24.9;31.8;18.2;24.3;35.9;15.4;70.2;21.8;965.1;1016.3;;;1018.9;1.4;5.3;5;19.1;5;18;0;0;0;0;285;377;;;;763;96;4.9;6.6;191;0;0;-3.9;;;
LUZ;13.08.2025 00:00;25.1;33.5;18;23.6;36.7;14.1;58.5;17.8;964.7;1015.8;;;1018.5;1.2;4.9;4.3;17.6;4.8;17.3;0;0;0;0;277;370;;;;745;95;4.9;6.8;252;0;0;-5.2;;;
LUZ;14.08.2025 00:00;25.5;31.3;19.7;24.7;35.8;15.9;59.8;19.2;966.4;1017.5;;;1020.2;1.8;10.2;6.5;36.7;9.5;34.2;0;0;0;0;282;379;;;;754;96;5.1;7.2;297;0;0;-5;;;
LUZ;15.08.2025 00:00;25.1;32.2;18.6;24.2;36.5;15.7;62.5;19.1;968.1;1019.4;;;1022;1.3;10.3;4.7;37.1;10.2;36.7;0;0;0;0;275;380;;;;643;82;4.8;6.8;349;0;0;-4.1;;;
LUZ;16.08.2025 00:00;23.3;30;17.2;23.3;34.1;15.2;71.1;19.8;966.5;1018;;;1020.4;1.9;12.6;6.8;45.4;12.1;43.6;0;1.9;1.9;0;257;382;;;;656;84;4.5;5;37;0;0;-1.4;;;
LUZ;17.08.2025 00:00;20.9;26.5;17.1;20.4;29.7;14.2;76.5;18.6;965.1;1017;;;1018.9;1.3;5.4;4.7;19.4;5.2;18.7;0;0;0;0;190;376;;;;316;41;3.3;2.6;315;0;0;-1.5;;;
LUZ;18.08.2025 00:00;20.8;27.3;15.3;20.3;31.4;11.9;69.7;16.7;963.5;1015.4;;;1017.3;1.5;5.8;5.4;20.9;5.6;20.2;0;0;0;0;266;356;;;;556;72;4.2;2.5;304;0;0;-3;;;
LUZ;19.08.2025 00:00;22;29.4;15.8;21.6;32.4;12.2;69.4;17.5;960.8;1012.3;;;1014.5;1.3;7.5;4.7;27;7.3;26.3;0;8.2;7.9;0;254;368;;;;628;81;4.2;3.7;284;0;0;4.6;;;
LUZ;20.08.2025 00:00;18.8;22.8;15.8;18.7;24.6;15.5;89.7;19.4;957.6;1009.5;;;1011.1;1.3;10.2;4.7;36.7;10;36;0;21;19.8;0;89;389;;;;6;1;1.7;0.5;321;0;0;19.6;;;
LUZ;21.08.2025 00:00;16.3;18.9;15.1;16.3;20.3;14.8;94.8;17.6;957.8;1010.2;;;1011.3;1.1;6.5;4;23.4;6.3;22.7;0;37.6;32.4;0;67;384;;;;0;0;1.3;0;270;0;0;32.3;;;
LUZ;22.08.2025 00:00;18;22.5;15.3;18.3;26.4;13.1;81.3;16.6;963.5;1015.9;;;1017.2;1.2;5;4.3;18;4.8;17.3;0;0.1;6.8;0;151;380;;;;176;23;2.5;0;300;0;0;6;;;
LUZ;23.08.2025 00:00;16.9;19.7;14.9;16.8;23.5;12;67.8;13;965.5;1018.2;;;1019.3;1.5;5.9;5.4;21.2;5.8;20.9;0;0;0;0;147;369;;;;98;13;2.6;0;322;0;0;-1;;;
LUZ;24.08.2025 00:00;17.1;21.9;10.8;16.8;27.7;8.1;68.7;13.2;965.5;1018.2;;;1019.3;1.3;5.8;4.7;20.9;5.5;19.8;0;0;0;0;238;337;;;;606;80;3.2;0;315;0;0;-3.1;;;
LUZ;25.08.2025 00:00;17.9;24.5;11.8;17.1;29.2;7.7;74.4;15;964.7;1017.2;;;1018.5;1.3;4.7;4.7;16.9;4.5;16.2;0;0;0;0;261;328;;;;716;95;3.6;0;225;0;0;-3;;;
LUZ;26.08.2025 00:00;20.3;27;12.4;19.4;30.8;8.3;68.2;15.6;962;1013.8;;;1015.6;1.3;11;4.7;39.6;10.5;37.8;0;1.8;0.6;0;256;351;;;;641;86;3.8;2;207;0;0;-2.7;;;
LUZ;27.08.2025 00:00;19.9;25.3;16;19.4;30.4;13.1;83.7;19.2;959.5;1011.3;;;1013.1;1.8;10.1;6.5;36.4;9.8;35.3;0;6.1;2.7;0;155;374;;;;345;46;2.7;1.6;243;0;0;1.6;;;
LUZ;28.08.2025 00:00;17.3;19.1;14.3;16.6;18.8;13.2;91.1;17.9;956.4;1008.5;;;1009.8;1.7;14.7;6.1;52.9;13.9;50;0;18.7;21.5;0;47;380;;;;4;1;1;0;270;0;0;21.3;;;
LUZ;29.08.2025 00:00;16.1;21.1;12;16.3;26.7;10.1;80.9;14.6;955;1007.2;;;1008.3;1.8;6.1;6.5;22;6;21.6;0;1.7;3.4;0;161;360;;;;295;40;2.5;0;174;0;0;2.3;;;
LUZ;30.08.2025 00:00;16.1;20.3;13.2;15.9;27.4;9.9;80.1;14.5;960;1012.6;;;1013.6;1.6;6.3;5.8;22.7;6;21.6;0;0;0.1;0;162;354;;;;167;23;2.5;0;169;0;0;-0.7;;;
LUZ;31.08.2025 00:00;17.6;24.1;10.5;17;30.2;7.2;72.3;14.1;959.5;1011.8;;;1013.1;1.5;5.2;5.4;18.7;5;18;0;0;0;0;265;331;;;;738;100;3.6;0;225;0;0;-3.1;;;
LUZ;01.09.2025 00:00;17;20.8;12.3;16.5;28.3;10.3;80.9;15.6;958.9;1011.2;;;1012.4;2.1;19.8;7.6;71.3;19.7;70.9;0;5.8;5.7;0;102;374;;;;94;13;1.9;0;270;0;0;5.1;;;
LUZ;02.09.2025 00:00;14.6;18.7;11.8;13.9;22.6;8.9;85.5;14.1;961.3;1014.2;;;1014.9;1.4;7.9;5;28.4;7.6;27.4;0;0.9;1;0;131;342;;;;166;23;2;0;231;0;0;0.4;;;
LUZ;03.09.2025 00:00;17.3;23.8;11;16.6;29.4;8;74.5;14.4;962;1014.4;;;1015.7;1.3;5.7;4.7;20.5;5.5;19.8;0;0;0;0;225;341;;;;531;73;3.1;0;196;0;0;-2.2;;;
LUZ;04.09.2025 00:00;17.3;23.3;13.2;16.9;29.6;10.5;86.8;17.1;963.5;1016;;;1017.3;1.8;15.8;6.5;56.9;15.6;56.2;0;29.3;23.6;0;126;369;;;;236;33;2.2;0;225;0;0;22.9;;;
LUZ;05.09.2025 00:00;14.1;18;9.9;13.7;24.5;5.8;86.9;13.9;969.6;1023.1;;;1023.6;1.6;6.4;5.8;23;6.3;22.7;0;11.2;16.9;0;140;340;;;;278;38;1.9;0;188;0;0;16.2;;;
LUZ;06.09.2025 00:00;14;20.8;8.5;13.7;27.6;4;82.7;13;968.8;1022.2;;;1022.7;1.2;4.9;4.3;17.6;4.7;16.9;0;0;0;0;245;306;;;;605;84;2.9;0;288;0;0;-1.7;;;
LUZ;07.09.2025 00:00;16.2;23.7;8.9;15;29.1;5.2;78.9;14.3;965.1;1017.9;;;1018.9;1.1;4.5;4;16.2;4.2;15.1;0;0;0;0;237;317;;;;722;100;3;0;207;0;0;-2.3;;;
LUZ;08.09.2025 00:00;17.4;21.5;12.6;16.3;23.4;9.1;85.5;17;963.8;1016.3;;;1017.6;0.8;4.8;2.9;17.3;4.8;17.3;0;6.9;0;0;88;376;;;;19;3;1.5;0;270;0;0;-0.3;;;
LUZ;09.09.2025 00:00;17.2;21;15;17;28.5;12.7;85;16.6;961.9;1014.3;;;1015.5;1.3;15;4.7;54;14.3;51.5;0;3.5;7;0;106;378;;;;87;12;1.8;0;252;0;0;6.6;;;
LUZ;10.09.2025 00:00;15.9;19.4;12.6;15.4;22.7;8.9;89.2;16;957.7;1010.1;;;1011.1;1.3;5.5;4.7;19.8;5.3;19.1;0;1.3;4.6;0;113;361;;;;110;15;1.7;0;243;0;0;4.3;;;
LUZ;11.09.2025 00:00;15.8;19.9;10.4;14.1;20.8;6.7;74.8;13.2;961.3;1014;;;1015;2.6;14.7;9.4;52.9;14.6;52.6;0;0;0.1;0;102;356;;;;79;11;2;0;252;0;0;-0.5;;;
LUZ;12.09.2025 00:00;13.7;16.5;10.2;12.4;19.2;6;82.9;13;967;1020.4;;;1020.9;1.4;8.4;5;30.2;8.3;29.9;0;0.5;0.5;0;74;350;;;;10;1;1.3;0;191;0;0;0.2;;;
LUZ;13.09.2025 00:00;15.2;20.4;9.9;14.3;25;5.8;75.5;12.8;966.2;1019.3;;;1020.1;1.4;8.3;5;29.9;8.2;29.5;0;6.6;0.6;0;177;336;;;;458;65;2.4;0;297;0;0;-1.1;;;
LUZ;14.09.2025 00:00;16.7;21.7;13;17.1;28.4;11.4;81.3;15.2;965.7;1018.4;;;1019.5;1.3;6.5;4.7;23.4;6.5;23.4;0;0;6;0;187;358;;;;314;45;2.5;0;180;0;0;5;;;
LUZ;15.09.2025 00:00;19.6;27;13.1;18.7;31.8;9.3;74.1;16.3;965;1017.1;;;1018.8;2.8;15.8;10.1;56.9;15.3;55.1;0;5.5;5.4;0;231;356;;;;685;98;3.7;1.3;245;0;0;3;;;
LUZ;16.09.2025 00:00;16.1;20.3;12.2;14.9;25.7;9.4;65.7;11.9;970.1;1023.3;;;1024.2;2.5;11.9;9;42.8;11.4;41;0;0;0.1;0;129;358;;;;135;19;2.5;0;273;0;0;-0.9;;;
LUZ;17.09.2025 00:00;15.3;20.6;11.5;14.7;26.8;7.7;72.6;12.5;971.7;1025.1;;;1025.8;1.1;5.5;4;19.8;5;18;0;0;0;0;181;339;;;;467;68;2.3;0;217;0;0;-1.8;;;
LUZ;18.09.2025 00:00;17.1;24.7;9.8;15.9;30.7;6.4;76.1;14.6;972.5;1025.5;;;1026.6;1.2;5.1;4.3;18.4;4.7;16.9;0;0;0;0;221;331;;;;683;100;2.8;0;207;0;0;-2.2;;;
LUZ;19.09.2025 00:00;17.8;25.2;11.5;16.3;30.7;7;80.4;16.1;972.2;1025.1;;;1026.4;1.2;4.8;4.3;17.3;4.4;15.8;0;0;0;0;219;328;;;;684;100;2.8;0;194;0;0;-1.8;;;
LUZ;20.09.2025 00:00;19.4;27.3;12.4;17.8;31.9;8;75.8;16.5;967;1019.3;;;1020.9;1.1;4.6;4;16.6;4.6;16.6;0;0;0;0;213;344;;;;651;96;2.9;1.1;211;0;0;-2.1;;;
LUZ;21.09.2025 00:00;18.4;25;14.8;17.9;30.9;11.4;83.5;17.4;961.6;1013.8;;;1015.2;1.6;7.9;5.8;28.4;7.6;27.4;0;22.4;10.6;0;133;375;;;;228;34;2.3;0.1;331;0;0;9.9;;;
LUZ;22.09.2025 00:00;13.4;15.9;12.3;13.7;15.9;12.1;95.4;14.7;960.7;1013.8;;;1014.3;1.7;10.6;6.1;38.2;9.9;35.6;0;12.4;23.8;0;40;374;;;;0;0;0.9;0;339;0;0;23.7;;;
LUZ;23.09.2025 00:00;11.1;12.6;10.1;11.3;15.6;8.6;96.2;12.7;963.4;1017.1;;;1017.1;1.6;7.3;5.8;26.3;7.2;25.9;0;9.5;9.8;0;34;361;;;;9;1;0.7;0;325;8.9;0.9;9.7;;;
LUZ;24.09.2025 00:00;11.3;13.6;9.7;11.8;16.4;9.6;93.1;12.4;963;1016.6;;;1016.7;1.2;5.3;4.3;19.1;5.1;18.4;0;10.7;9.9;0;52;358;;;;0;0;0.9;0;339;8.7;0.7;9.8;;;
LUZ;25.09.2025 00:00;11;13.4;9.2;11;15.2;8.2;88.8;11.6;964.9;1018.7;;;1018.7;1;4.6;3.6;16.6;4.5;16.2;0;0.9;1.7;0;61;351;;;;0;0;1;0;236;9;1;1.5;;;
LUZ;26.09.2025 00:00;10.9;13.4;9.1;11.3;17;8.4;89.6;11.7;965.5;1019.4;;;1019.3;1.2;6.5;4.3;23.4;6.3;22.7;0;13;3.7;0;70;351;;;;22;3;1;0;300;9.1;1.1;3.5;;;
LUZ;27.09.2025 00:00;9.9;14.4;6.4;9.2;21.2;2.3;87.5;10.6;968;1022.2;;;1021.9;1.6;8.6;5.8;31;8.6;31;0;6.1;15.5;0;111;320;;;;210;32;1.3;0;157;10.1;2.1;15;;;
LUZ;28.09.2025 00:00;11.2;16.4;5.5;11.1;22.3;1.3;84.1;11.1;967.2;1021.1;;;1021.1;1.2;4.9;4.3;17.6;4.8;17.3;0;0;0;0;173;317;;;;420;65;1.7;0;304;8.8;0.8;-0.9;;;
LUZ;29.09.2025 00:00;12.9;16.8;9.1;12.4;23.3;4.7;82.7;12.2;967.8;1021.4;;;1021.7;1.2;5.9;4.3;21.2;5.8;20.9;0;0;0;0;125;332;;;;198;31;1.5;0;309;0;0;-0.6;;;
LUZ;30.09.2025 00:00;12.3;15.6;8.6;11.5;18.5;4.6;84.4;12;969.3;1023.1;;;1023.3;1;6.2;3.6;22.3;6.2;22.3;0;0;0;0;102;335;;;;102;16;1.2;0;333;0;0;-0.4;;;
LUZ;01.10.2025 00:00;10.8;16.3;6.1;9.2;21.3;1;78.7;10.1;971.7;1026;;;1025.8;1.9;8.3;6.8;29.9;8.1;29.2;0;0;0;0;93;313;;;;79;12;1.5;0;324;9.2;1.2;-0.4;;;
LUZ;02.10.2025 00:00;7.1;12.3;4;5.2;18;-0.3;85.8;8.6;971.9;1027;;;1026;1.3;5.4;4.7;19.4;5.2;18.7;0;0;0;0;99;288;;;;181;29;1.2;0;284;12.9;4.9;-0.5;;;
LUZ;03.10.2025 00:00;8.4;12.4;3.1;7.3;14.9;-1;82.9;9.1;968;1022.5;;;1021.9;0.8;4.5;2.9;16.2;4.3;15.5;0;0;0;0;99;309;;;;108;17;1;0;225;11.6;3.6;-0.4;;;
LUZ;04.10.2025 00:00;12.4;19.5;8.5;12.2;24.2;5.2;79.5;11.4;959.9;1013.2;;;1013.4;2.6;22.5;9.4;81;22.3;80.3;0;10;9.8;0;119;347;;;;196;31;2;0;254;0;0;9.2;;;
LUZ;05.10.2025 00:00;10.1;14.4;6.6;8.5;19;4.7;69.3;8.4;966.6;1020.7;;;1020.4;3;15.7;10.8;56.5;15.3;55.1;0;2.2;2.3;0;106;318;;;;121;19;1.8;0;257;9.9;1.9;1.6;;;
LUZ;06.10.2025 00:00;10.6;14.9;7.1;10.5;21.7;5.8;78;9.8;973.1;1027.5;;;1027.3;1.2;5.7;4.3;20.5;5.7;20.5;0;0;0.1;0;107;336;;;;170;27;1.3;0;342;9.4;1.4;-0.5;;;
LUZ;07.10.2025 00:00;12.1;17.8;8.5;11.9;24.6;5.1;80.9;11.2;971.8;1025.8;;;1025.9;1.1;4.5;4;16.2;4.4;15.8;0;0;0;;168;309;;;;518;85;1.6;0;281;0;0;-1.2;;;
LUZ;08.10.2025 00:00;10.7;14.4;7.8;10.1;19.4;4.5;91.7;11.8;968.3;1022.4;;;1022.3;0.8;4.6;2.9;16.6;4.3;15.5;0;0;0;0;85;331;;;;149;24;1;0;180;9.3;1.3;-0.2;;;
LUZ;09.10.2025 00:00;12.7;15.4;8.8;12.5;18.5;6.5;89.2;13.1;970.5;1024.3;;;1024.6;1;4.4;3.6;15.8;4.2;15.1;0;0;0;0;63;356;;;;2;0;0.9;0;333;0;0;-0.1;;;
LUZ;10.10.2025 00:00;13;15.7;10.9;13.3;22.4;9.4;83;12.4;976.5;1030.5;;;1030.8;1.2;4.4;4.3;15.8;4.2;15.1;0;0;0;0;72;358;;;;75;13;1.1;0;352;0;0;-0.3;;;
LUZ;11.10.2025 00:00;11.6;12.8;10.4;11.7;14.7;10.1;84.6;11.6;977.5;1031.9;;;1031.8;1.2;5;4.3;18;5;18;0;0;0;0;37;360;;;;0;0;0.8;0;360;8.4;0.4;-0.2;;;
LUZ;12.10.2025 00:00;11.5;12.8;10.7;11.4;14.1;10;83.7;11.3;973.7;1027.9;;;1027.9;1.2;5.1;4.3;18.4;4.8;17.3;0;0;0;0;33;358;;;;0;0;0.8;0;11;8.5;0.5;-0.2;;;
LUZ;13.10.2025 00:00;10.9;12;9.8;10.9;14.1;9.6;84.3;11;970.6;1024.7;;;1024.6;1.1;5.1;4;18.4;4.9;17.6;0;0;0;0;34;355;;;;0;0;0.8;0;347;9.1;1.1;-0.2;;;
LUZ;14.10.2025 00:00;10.3;12.5;6.6;9.4;14.1;3;86.1;10.8;969.8;1024.1;;;1023.8;0.9;4.6;3.2;16.6;4.5;16.2;0;0;0;0;33;334;;;;0;0;0.7;0;326;9.7;1.7;-0.2;;;
LUZ;15.10.2025 00:00;9.5;11.7;6.3;9.1;12.5;2.8;86.9;10.3;969.7;1024.1;;;1023.7;0.9;4.6;3.2;16.6;4.5;16.2;0;0;0;0;36;346;;;;0;0;0.7;0;14;10.5;2.5;-0.1;;;
LUZ;16.10.2025 00:00;10.4;12.4;9.3;10.3;15.3;8.3;85.1;10.7;968.3;1022.5;;;1022.3;0.9;4.7;3.2;16.9;4.6;16.6;0;0;0;0;40;348;;;;0;0;0.8;0;8;9.6;1.6;-0.2;;;
LUZ;17.10.2025 00:00;9.2;11.4;8;9;12.3;7.1;87;10.1;968.4;1022.8;;;1022.3;0.8;4;2.9;14.4;3.9;14;0;0.1;0.1;0;33;343;;;;0;0;0.7;0;323;10.8;2.8;0;;;
LUZ;18.10.2025 00:00;8.8;13.8;5.4;8.3;18.7;2.2;83.3;9.3;969.3;1023.8;;;1023.2;1.2;3.9;4.3;14;3.8;13.7;0;0;0;1;104;307;;;;264;46;1;0;333;11.2;3.2;-0.5;;;
LUZ;19.10.2025 00:00;8.8;14.4;4.5;7.7;19.1;1.2;86.7;9.8;963.6;1017.8;;;1017.3;1.1;4.2;4;15.1;4.1;14.8;0;0;0;1;106;299;;;;224;40;1;0;225;11.2;3.2;-0.4;;;
LUZ;20.10.2025 00:00;10.4;14;6.9;9.1;14.6;5.3;90.2;11.4;953.9;1007.2;;;1007.2;1.1;7.9;4;28.4;7.9;28.4;0;0.9;0.8;1;39;335;;;;0;0;0.7;0;270;9.6;1.6;0.7;;;
LUZ;21.10.2025 00:00;12.3;17.4;7.9;11.9;22.4;5.2;84.5;11.9;951.2;1004;;;1004.4;1.1;5.2;4;18.7;5.1;18.4;0;0.3;0.1;1;95;338;;;;209;37;1;0;198;0;0;-0.3;;;
LUZ;22.10.2025 00:00;13;16.9;10.6;12.3;18.9;9.2;88.4;13.2;950.2;1002.8;;;1003.4;1.2;8.2;4.3;29.5;7.9;28.4;0;3.2;2.3;0;68;352;;;;70;13;0.9;0;180;0;0;2.1;;;
LUZ;23.10.2025 00:00;11.8;16.4;8.1;9.9;15.5;5.8;72.8;10.2;946.3;998.9;;;999.2;5.6;31.7;20.2;114.1;31;111.6;0;15.7;16.4;0;43;335;;;;73;13;1.9;0;238;8.2;0.2;16;;;
LUZ;24.10.2025 00:00;8.7;12.7;5.8;7.5;16.7;3.5;65.9;7.3;957;1010.8;;;1010.4;3;17.1;10.8;61.6;16.2;58.3;0;2.8;3.2;0;108;299;;;;289;53;1.5;0;261;11.3;3.3;2.2;;;
LUZ;25.10.2025 00:00;8.5;11.1;6.6;7.7;11.1;4.3;89.3;9.9;955.4;1009.2;;;1008.8;1.2;10.6;4.3;38.2;10.3;37.1;0;11.1;9.2;0;30;336;;;;0;0;0.6;0;217;11.5;3.5;9.1;;;
LUZ;26.10.2025 00:00;7.8;10.9;5.6;6.7;14.2;3.2;74.3;7.8;958.9;1013;;;1012.4;3.2;13.8;11.5;49.7;13.4;48.2;0;1.2;3.2;0;85;310;;;;179;33;1.2;0;260;12.2;4.2;2.7;;;
LUZ;27.10.2025 00:00;8.7;11.4;6.3;6.9;9.8;4.6;72.3;8.2;958.6;1012.5;;;1012.1;3.2;19.4;11.5;69.8;19.3;69.5;0;6.7;6.7;0;22;331;;;;0;0;1.2;0;270;11.3;3.3;6.5;;;
LUZ;28.10.2025 00:00;9.6;15.3;4.5;8.3;18.4;0.5;76.6;9;963.2;1017.2;;;1016.9;1.6;9.1;5.8;32.8;8.8;31.7;0;0;0;0;120;298;;;;437;82;1;0;197;10.4;2.4;-0.9;;;
LUZ;29.10.2025 00:00;8.9;15.2;2.8;7.9;19;-0.8;82.8;9.4;957.1;1010.9;;;1010.5;1;6.1;3.6;22;5.9;21.2;0;3.3;2.6;0;116;298;;;;410;78;0.8;0;315;11.1;3.1;2;;;
LUZ;30.10.2025 00:00;10.5;11.8;9.2;9.9;12.5;8.3;93.3;11.8;959.5;1013.2;;;1013.1;1;6.4;3.6;23;6.4;23;0;0.8;1.5;0;23;354;;;;0;0;0.5;0;270;9.5;1.5;1.4;;;
LUZ;31.10.2025 00:00;10.1;15.3;5.3;8.7;18.2;1.6;84.3;10.3;963;1017;;;1016.7;1.4;6.4;5;23;6.2;22.3;0;0;0;0;104;301;;;;381;73;0.8;0;216;9.9;1.9;-0.6;;;
LUZ;01.11.2025 00:00;10.6;14.8;5.7;9.4;15.5;2.4;90.2;11.5;962.6;1016.4;;;1016.3;0.8;4.7;2.9;16.9;4.5;16.2;0;11;1.2;0;60;330;;;;104;20;0.6;0;180;9.4;1.4;1;;;
LUZ;02.11.2025 00:00;9.9;11.6;5.8;8.9;11.2;3.3;92.5;11.3;963.5;1017.5;;;1017.2;1.5;17.8;5.4;64.1;17.7;63.7;0;10.1;19.7;0;12;345;;;;0;0;0.4;0;236;10.1;2.1;19.6;;;
LUZ;03.11.2025 00:00;6.9;12.1;3.3;5.1;15.5;-0.5;85.7;8.4;970.9;1025.9;;;1025;1.3;5;4.7;18;4.8;17.3;0;0;0.2;0;96;273;;;;348;69;0.7;0;216;13.1;5.1;-0.3;;;
LUZ;04.11.2025 00:00;6.1;13.8;1.5;4.3;17;-1.6;84.2;7.8;970.5;1025.7;;;1024.5;0.9;3.7;3.2;13.3;3.6;13;0;0;0;0;117;264;;;;502;100;0.6;0;236;13.9;5.9;-0.7;;;
LUZ;05.11.2025 00:00;6.1;13.4;1.7;4.1;17.3;-1.8;82.8;7.7;966.3;1021.2;;;1020.1;1;3.3;3.6;11.9;3.2;11.5;0;0;0;0;115;262;;;;499;100;0.6;0;252;13.9;5.9;-0.7;;;
LUZ;06.11.2025 00:00;5.3;11.7;1.4;4;15.4;-2.5;90.5;8;959.3;1014;;;1012.9;1.1;4.5;4;16.2;4.4;15.8;0;0;0;0;100;276;;;;267;54;0.5;0;18;14.7;6.7;-0.3;;;
LUZ;07.11.2025 00:00;5.1;8.8;3.2;5.4;11.6;2.7;96.8;8.5;958.8;1013.5;;;1012.3;0.9;3.4;3.2;12.2;3.3;11.9;0;0;0;0;54;320;;;;169;34;0.4;0;349;14.9;6.9;-0.1;;;
LUZ;08.11.2025 00:00;5.1;7.8;3.7;5.7;12.4;2.2;94.9;8.3;961.7;1016.6;;;1015.4;1.1;4.5;4;16.2;4.4;15.8;0;0;0;0;74;316;;;;210;43;0.4;0;329;14.9;6.9;-0.1;;;
LUZ;09.11.2025 00:00;7.5;11.3;4;6.9;13.4;2.7;87.7;9.1;965.1;1019.7;;;1018.9;0.7;2.8;2.5;10.1;2.7;9.7;0;0.8;0.8;0;48;324;;;;8;2;0.5;0;180;12.5;4.5;0.7;;;
LUZ;10.11.2025 00:00;6.8;9.4;4.5;5.6;12.7;1;90.6;8.9;963;1017.6;;;1016.7;0.9;3.6;3.2;13;3.4;12.2;0;0;0;0;60;305;;;;123;26;0.4;0;315;13.2;5.2;-0.2;;;
LUZ;11.11.2025 00:00;7.1;13.6;3.3;5.2;17.1;-0.7;82.4;8.2;964.1;1018.7;;;1017.9;0.9;3.7;3.2;13.3;3.7;13.3;0;0;0;0;94;279;;;;437;93;0.5;0;225;12.9;4.9;-0.6;;;
LUZ;12.11.2025 00:00;6.2;13.2;1.8;3.9;14.9;-2.2;83.8;7.9;964.5;1019.3;;;1018.3;0.9;4.8;3.2;17.3;4.7;16.9;0;0;0;0;91;273;;;;419;89;0.5;0;243;13.8;5.8;-0.5;;;
LUZ;13.11.2025 00:00;8.1;16;2.6;5.7;18.8;-0.9;78;8.2;964.4;1018.8;;;1018.2;0.8;2.9;2.9;10.4;2.8;10.1;0;0;0;0;91;287;;;;426;92;0.5;0;236;11.9;3.9;-0.7;;;
LUZ;14.11.2025 00:00;9.2;14.6;3.3;7.2;16.4;-0.1;79.2;9.2;958.9;1012.8;;;1012.5;1.1;4.1;4;14.8;4;14.4;0;0;0;0;70;309;;;;113;25;0.6;0;14;10.8;2.8;-0.3;;;
LUZ;15.11.2025 00:00;12;17.8;6.4;10.5;20.9;2.6;71.1;9.7;957.6;1010.8;;;1011.1;1.3;12.6;4.7;45.4;12.2;43.9;0;0;0;0;91;318;;;;396;87;0.7;0;323;8;0;-0.8;;;
LUZ;16.11.2025 00:00;8.8;11.3;5.7;7.1;11.6;2.4;87.5;9.9;955.3;1009.1;;;1008.7;1.6;14.4;5.8;51.8;14.2;51.1;0;0.4;0;0;31;322;;;;0;0;0.5;0;135;11.2;3.2;-0.1;;;
LUZ;17.11.2025 00:00;6.2;9.6;3;5;9.1;1.5;89.5;8.6;958.7;1013.2;;;1012.2;1.4;10;5;36;9.6;34.6;0;16.5;16.9;0;11;323;;;;0;0;0.5;0;300;13.8;5.8;16.8;;;
LUZ;18.11.2025 00:00;1.5;4.1;-1.9;-0.2;7;-5.1;81.8;5.5;965.3;1021.1;;;1019.1;1.3;4.6;4.7;16.6;4.4;15.8;0;0;0;0;50;264;;;;51;11;0.4;0;302;18.5;10.5;-0.2;;;
LUZ;19.11.2025 00:00;1.3;5;-2.8;-0.9;6.3;-6.3;77;5.1;956.8;1012.1;;;1010.2;1.3;4.4;4.7;15.8;4.3;15.5;0;0.5;0;0;73;253;;;;273;61;0.4;0;225;18.7;10.7;-0.5;;;
LUZ;20.11.2025 00:00;2.6;5.8;0.8;1.7;9.5;-0.8;77.9;5.7;957.2;1012.3;;;1010.6;2.2;12.1;7.9;43.6;11.5;41.4;0;2.3;0.5;0;50;287;;;;90;20;0.6;0;264;17.4;9.4;0.3;;;
LUZ;21.11.2025 00:00;-0.2;1;-1;-0.8;0.3;-1.9;86.8;5.2;963.7;1019.8;;;1017.4;1.8;7.9;6.5;28.4;7.7;27.7;0;1.8;4.1;4;24;300;;;;0;0;0.4;0;310;20.2;12.2;4;;;
LUZ;22.11.2025 00:00;-2.2;0;-5.8;-4;1.2;-10.2;77.9;4;970.3;1027.2;;;1024.3;1.7;7;6.1;25.2;6.9;24.8;0;0;0;0;39;253;;;;8;2;0.4;0;302;22.2;14.2;-0.1;;;
LUZ;23.11.2025 00:00;-2.4;1.1;-7.3;-3.9;0.9;-11.3;80;4.2;960.7;1017.1;;;1014.3;0.9;4.9;3.2;17.6;4.8;17.3;0;10.1;1.6;0;60;262;;;;148;34;0.2;0;270;22.4;14.4;1.3;;;
LUZ;24.11.2025 00:00;3.1;5;0.5;2.6;4.8;0.1;96.8;7.4;948;1002.5;;;1001;1;8.2;3.6;29.5;8;28.8;0;20.8;29.1;0;12;328;;;;0;0;0.3;0;214;16.9;8.9;29.1;;;
